FID,totalRows,IncidentNu,IncidentDa,IncidentTi,Exposures,Patients,Address,IncidentTy,Complete,Reviewed,TypeOfServ,Supervisor,StationNum,RunNumber,Imported,Latitude,Longitude,count
0,2094,2017-19747,12/31/2017 0:00:00,1:30:56,1,0,"604 E ILLINOIS AVE  
Peoria IL 61602
",111 - Building fire,TRUE,TRUE, ,FALSE,1,202000000000.000000000000000,FALSE,40.705978199999997,-89.587008600000004,1
1,2094,2017-19669,12/29/2017 0:00:00,20:25:13,1,0,"202 W FLORENCE AVE  
Peoria IL 61601
","114 - Chimney or flue fire, confined to chimney or flue",TRUE,TRUE, ,TRUE,10,202000000000.000000000000000,FALSE,40.730238499999999,-89.595124999999996,1
2,2094,2017-19502,12/27/2017 0:00:00,11:32:14,1,0,"2200 N UNIVERSITY ST  
Peoria IL 61604
",111 - Building fire,TRUE,TRUE, ,TRUE,3,202000000000.000000000000000,FALSE,40.714424800000003,-89.612739599999998,1
3,2094,2017-19471,12/26/2017 0:00:00,22:53:32,1,0,"1620 N GREAT OAK RD  
Peoria IL 61601
richmond",111 - Building fire,TRUE,TRUE, ,TRUE,3,202000000000.000000000000000,FALSE,40.708322799999998,-89.640412900000001,1
4,2094,2017-19398,12/25/2017 0:00:00,15:49:36,1,0,"1205 N GARFIELD AVE  
Peoria IL 61601
","113 - Cooking fire, confined to container",TRUE,TRUE, ,TRUE,3,202000000000.000000000000000,FALSE,40.702139600000002,-89.608048600000004,1
5,2094,2017-19175,12/21/2017 0:00:00,15:34:51,1,0,"5001 N BIG HOLLOW RD  
Peoria IL 61615
","115 - Incinerator overload or malfunction, fire confined",TRUE,TRUE, ,FALSE,13,202000000000.000000000000000,FALSE,40.748364199999997,-89.640362400000001,1
6,2094,2017-19146,12/21/2017 0:00:00,6:25:25,2,0,"6914 N WHITE FIR DR  
Peoria IL 61615
",111 - Building fire,TRUE,TRUE, ,FALSE,19,202000000000.000000000000000,FALSE,40.772863600000001,-89.689631599999998,1
7,2094,2017-19083,12/19/2017 0:00:00,18:25:40,1,0,"1615 N GREAT OAK RD  # 12
Peoria IL 61601
",111 - Building fire,TRUE,TRUE, ,TRUE,3,202000000000.000000000000000,FALSE,40.708866899999997,-89.640865700000006,1
8,2094,2017-19046,12/19/2017 0:00:00,9:43:40,1,0,"2623 N PROSPECT RD  
Peoria IL 61603
",111 - Building fire,TRUE,TRUE, ,TRUE,10,202000000000.000000000000000,FALSE,40.719452599999997,-89.576660700000005,1
9,2094,2017-18979,12/18/2017 0:00:00,4:57:37,1,0,"1001 S SHELLEY ST  
peoria IL 61605
",111 - Building fire,TRUE,TRUE, ,FALSE,4,202000000000.000000000000000,FALSE,40.677573899999999,-89.617780300000007,1
10,2094,2017-18962,12/17/2017 0:00:00,18:29:54,1,0,"2003 N CALIFORNIA AVE  
peoria IL 61603
",111 - Building fire,TRUE,TRUE, ,FALSE,1,202000000000.000000000000000,FALSE,40.711504099999999,-89.589012699999998,1
11,2094,2017-18953,12/17/2017 0:00:00,15:16:25,1,0,"1515 NE MONROE ST  
peoria IL 61602
",111 - Building fire,TRUE,TRUE, ,TRUE,1,202000000000.000000000000000,FALSE,40.706097900000003,-89.575240899999997,1
12,2094,2017-18935,12/17/2017 0:00:00,6:03:26,1,0,"8627 N HALE AVE  
Peoria IL 61601
",111 - Building fire,TRUE,TRUE, ,FALSE,15,202000000000.000000000000000,FALSE,40.793238799999997,-89.609645099999994,1
13,2094,2017-18698,12/13/2017 0:00:00,8:44:45,1,0,"410 W HANSSLER PL  
Peoria IL 61603
","118 - Trash or rubbish fire, contained",TRUE,TRUE, ,TRUE,10,202000000000.000000000000000,FALSE,40.720198699999997,-89.598935600000004,1
14,2094,2017-18673,12/12/2017 0:00:00,22:45:24,1,0,"3650 N LEROY AVE  
Peoria IL 61604
",111 - Building fire,TRUE,TRUE, ,FALSE,10,202000000000.000000000000000,FALSE,40.732337899999997,-89.626331199999996,1
15,2094,2017-18660,12/12/2017 0:00:00,18:48:29,1,0,"3212 W ANTOINETTE PL  
peoria IL 61605
","113 - Cooking fire, confined to container",TRUE,TRUE, ,TRUE,4,202000000000.000000000000000,FALSE,40.677633000000000,-89.644324999999995,1
16,2094,2017-18656,12/12/2017 0:00:00,14:43:22,1,0,"2007 N LINN ST  
Peoria IL 61601
",111 - Building fire,TRUE,TRUE, ,FALSE,3,202000000000.000000000000000,FALSE,40.711735699999998,-89.595848799999999,1
17,2094,2017-18555,12/11/2017 0:00:00,6:27:44,1,0,"1700 W HICKORY GROVE RD  # 3101
Peoria IL 61601
",111 - Building fire,TRUE,TRUE, ,FALSE,20,202000000000.000000000000000,FALSE,40.827545700000002,-89.618071499999999,1
18,2094,2017-18541,12/10/2017 0:00:00,21:23:10,1,0,"1420 W MARGARET AVE  
Peoria IL 61601
",111 - Building fire,TRUE,TRUE, ,TRUE,11,202000000000.000000000000000,FALSE,40.723538699999999,-89.615691999999996,1
19,2094,2017-18538,12/10/2017 0:00:00,21:13:06,1,0,"1811 W KINGSWAY DR  # D6
peoria IL 61614
",111 - Building fire,TRUE,TRUE, ,TRUE,16,202000000000.000000000000000,FALSE,40.777855700000003,-89.620599200000001,1
20,2094,2017-18432,12/9/2017 0:00:00,0:55:17,1,0,"2208 NE MONROE ST  
peoria IL 61603
",111 - Building fire,TRUE,TRUE, ,TRUE,12,202000000000.000000000000000,FALSE,40.710584400000002,-89.567081799999997,1
21,2094,2017-18403,12/8/2017 0:00:00,13:34:25,1,0,"1700 N SHERIDAN RD  
Peoria IL 61601
armstrong","118 - Trash or rubbish fire, contained",TRUE,TRUE, ,TRUE,3,202000000000.000000000000000,FALSE,40.708102699999998,-89.603561099999993,1
22,2094,2017-18292,12/6/2017 0:00:00,12:36:33,1,0,"7020 N WHITE FIR DR  
Peoria IL 61615
",111 - Building fire,TRUE,TRUE, ,FALSE,16,202000000000.000000000000000,FALSE,40.773996900000000,-89.689700200000004,1
23,2094,2017-18258,12/5/2017 0:00:00,20:22:14,1,0,"1211 N NORTH ST  
peoria IL 61603
",111 - Building fire,TRUE,TRUE, ,FALSE,10,202000000000.000000000000000,FALSE,40.702533000000003,-89.599307100000004,1
24,2094,2017-18248,12/5/2017 0:00:00,18:24:39,1,0,"2814 N RENWOOD AVE  
Peoria IL 61601
",111 - Building fire,TRUE,TRUE, ,TRUE,11,202000000000.000000000000000,FALSE,40.722070500000001,-89.630833199999998,1
25,2094,2017-18229,12/5/2017 0:00:00,14:35:53,1,0,"714  HAMILTON BLVD  
peoria IL 61602
","113 - Cooking fire, confined to container",TRUE,TRUE, ,FALSE,1,202000000000.000000000000000,FALSE,40.696284100000000,-89.591126200000005,1
26,2094,2017-18114,12/3/2017 0:00:00,16:00:06,1,0,"5400 N UNIVERSITY ST  
PEORIA IL 61614
","118 - Trash or rubbish fire, contained",TRUE,TRUE, ,TRUE,16,202000000000.000000000000000,FALSE,40.753002199999997,-89.611401900000004,1
27,2094,2017-18066,12/2/2017 0:00:00,15:59:14,1,0,"2021 N UNIVERSITY ST  
Peoria IL 61604
","115 - Incinerator overload or malfunction, fire confined",TRUE,TRUE, ,TRUE,13,202000000000.000000000000000,FALSE,40.713316499999998,-89.613746699999993,1
28,2094,2017-18047,12/2/2017 0:00:00,9:29:36,1,0,"915 N ELMWOOD AVE  
Peoria IL 61604
","113 - Cooking fire, confined to container",TRUE,TRUE, ,TRUE,3,202000000000.000000000000000,FALSE,40.698696300000002,-89.615123999999994,1
29,2094,2017-18033,12/1/2017 0:00:00,18:28:02,1,0,"2712 W OVERHILL RD  
Peoria IL 61601
",111 - Building fire,TRUE,FALSE, ,FALSE,13,202000000000.000000000000000,FALSE,40.735482099999999,-89.635867599999997,1
30,2094,2017-17853,11/28/2017 0:00:00,16:48:07,1,0,"2029 W FORREST HILL AVE  
Peoria City (Township of) IL 61517
","118 - Trash or rubbish fire, contained",TRUE,TRUE, ,TRUE,3,202000000000.000000000000000,FALSE,40.725553300000001,-89.625951599999993,1
31,2094,2017-17778,11/27/2017 0:00:00,11:33:19,1,0,"709 W JOHNSON CT  
Peoria IL 61601
","113 - Cooking fire, confined to container",TRUE,TRUE, ,TRUE,8,202000000000.000000000000000,FALSE,40.686731899999998,-89.604517900000005,1
32,2094,2017-17764,11/27/2017 0:00:00,8:35:20,1,0,"2700 N RENWOOD AVE  
Peoria IL 61604
","118 - Trash or rubbish fire, contained",TRUE,TRUE, ,TRUE,13,202000000000.000000000000000,FALSE,40.720385299999997,-89.630964500000005,1
33,2094,2017-17749,11/26/2017 0:00:00,19:03:03,1,0,"1541 W BUTLER ST  
Peoria IL 61605
","118 - Trash or rubbish fire, contained",TRUE,TRUE, ,TRUE,8,202000000000.000000000000000,FALSE,40.684310199999999,-89.618136500000006,1
34,2094,2017-17699,11/25/2017 0:00:00,19:45:43,1,0,"3445 W FALLEN OAK LN  
Peoria IL 61601
2500 N Molleck Dr","113 - Cooking fire, confined to container",TRUE,TRUE, ,TRUE,13,202000000000.000000000000000,FALSE,40.719002099999997,-89.646011000000001,1
35,2094,2017-17654,11/24/2017 0:00:00,18:51:24,1,0,"404 E MAYWOOD AVE  
Peoria IL 61603
",112 - Fires in structure other than in a building,TRUE,TRUE, ,FALSE,1,202000000000.000000000000000,FALSE,40.722771000000002,-89.589703000000000,1
36,2094,2017-17426,11/20/2017 0:00:00,22:58:32,1,0,"2601 W LAKE AVE  
Peoria IL 61615
",111 - Building fire,TRUE,TRUE, ,FALSE,16,202000000000.000000000000000,FALSE,40.740674300000002,-89.634452499999995,1
37,2094,2017-17128,11/15/2017 0:00:00,14:31:34,1,0,"3026 N INDIANA AVE  
peoria IL 61603
",111 - Building fire,TRUE,TRUE, ,TRUE,10,202000000000.000000000000000,FALSE,40.724182599999999,-89.586189500000003,1
38,2094,2017-17095,11/14/2017 0:00:00,21:55:56,1,0,"711 W MAC QUEEN AVE  
Peoria IL 61604
",111 - Building fire,TRUE,TRUE, ,FALSE,3,202000000000.000000000000000,FALSE,40.717024299999999,-89.604085299999994,1
39,2094,2017-16965,11/12/2017 0:00:00,19:03:03,1,0,"2806 N DECHMAN AVE  
peoria IL 61603
",111 - Building fire,TRUE,TRUE, ,TRUE,10,202000000000.000000000000000,FALSE,40.721621900000002,-89.592134799999997,1
40,2094,2017-16963,11/12/2017 0:00:00,17:59:44,1,0,"2401 N GALE AVE  
peoria IL 61604
","113 - Cooking fire, confined to container",TRUE,TRUE, ,TRUE,1,202000000000.000000000000000,FALSE,40.716304999999998,-89.618058000000005,1
41,2094,2017-16910,11/11/2017 0:00:00,16:34:32,1,0,"3441 W OAKCREST DR  # 1B
Peoria IL 61604
","113 - Cooking fire, confined to container",TRUE,TRUE, ,TRUE,10,202000000000.000000000000000,FALSE,40.719754299999998,-89.646378799999994,1
42,2094,2017-16874,11/10/2017 0:00:00,17:24:33,1,0,"3319 W WOODHILL LN  
Peoria IL 61604
",111 - Building fire,TRUE,TRUE, ,TRUE,19,202000000000.000000000000000,FALSE,40.724315699999998,-89.647255599999994,1
43,2094,2017-16871,11/10/2017 0:00:00,16:09:04,1,0,"1524 W DAYTONA DR  
Peoria IL 61614
",111 - Building fire,TRUE,TRUE, ,TRUE,19,202000000000.000000000000000,FALSE,40.757552900000000,-89.616830899999997,1
44,2094,2017-16694,11/7/2017 0:00:00,3:16:15,1,0,"3611 N ROCHELLE LN  
Peoria IL 61601
","118 - Trash or rubbish fire, contained",TRUE,TRUE, ,TRUE,13,202000000000.000000000000000,FALSE,40.731524899999997,-89.644660400000006,1
45,2094,2017-16533,11/4/2017 0:00:00,12:09:46,1,0,"126 E LAKE AVE  # B1
Peoria IL 61614
",111 - Building fire,TRUE,TRUE, ,TRUE,10,202000000000.000000000000000,FALSE,40.739369300000000,-89.592311300000006,1
46,2094,2017-16370,11/1/2017 0:00:00,13:24:58,1,0,"805 E REPUBLIC ST  # Dnst
Peoria IL 61601
","118 - Trash or rubbish fire, contained",TRUE,TRUE, ,TRUE,1,202000000000.000000000000000,FALSE,40.713673999999997,-89.583697799999996,1
47,2094,2017-16217,10/29/2017 0:00:00,23:01:59,1,0,"331  FULTON ST  
Peoria IL 61601
100 SW Adams","113 - Cooking fire, confined to container",TRUE,TRUE, ,TRUE,4,202000000000.000000000000000,FALSE,40.691567999999997,-89.592010000000002,1
48,2094,2017-16189,10/29/2017 0:00:00,9:31:30,1,0,"2825 W HUMBOLDT ST  
peoria IL 61604
","113 - Cooking fire, confined to container",TRUE,TRUE, ,TRUE,4,202000000000.000000000000000,FALSE,40.672552000000003,-89.638186000000005,1
49,2094,2017-16094,10/27/2017 0:00:00,8:57:47,1,0,"2601 W RESERVOIR BLVD  
peoria IL 61613
","113 - Cooking fire, confined to container",TRUE,TRUE, ,TRUE,11,202000000000.000000000000000,FALSE,40.732987000000001,-89.634105000000005,1
50,2094,2017-16073,10/26/2017 0:00:00,18:42:07,1,0,"2615 W LATROBE ST  
Peoria IL 61601
",111 - Building fire,TRUE,TRUE, ,TRUE,8,202000000000.000000000000000,FALSE,40.673397999999999,-89.634878000000000,1
51,2094,2017-15939,10/24/2017 0:00:00,11:10:23,1,0,"1500 W NORTHMOOR RD  
Peoria IL 61614
",111 - Building fire,TRUE,TRUE, ,FALSE,16,202000000000.000000000000000,FALSE,40.760240000000003,-89.615795000000006,1
52,2094,2017-15435,10/14/2017 0:00:00,17:49:18,1,0,"615 NE PERRY AVE  
Peoria IL 61605
","118 - Trash or rubbish fire, contained",TRUE,TRUE, ,TRUE,1,202000000000.000000000000000,FALSE,40.700167999999998,-89.587219000000005,1
53,2094,2017-15333,10/12/2017 0:00:00,23:04:23,1,0,"409 E EMBERT PL  
Peoria IL 61604
","113 - Cooking fire, confined to container",TRUE,TRUE, ,TRUE,1,202000000000.000000000000000,FALSE,40.730443999999999,-89.588111999999995,1
54,2094,2017-15255,10/11/2017 0:00:00,12:33:35,1,0,"4441 W CASTLETON RD  
peoria IL 61615
","113 - Cooking fire, confined to container",TRUE,TRUE, ,TRUE,19,202000000000.000000000000000,FALSE,40.758721999999999,-89.664482000000007,1
55,2094,2017-15231,10/11/2017 0:00:00,1:07:05,1,0,"601 W RB GARRETT AVE  
Peoria IL 61601
",111 - Building fire,TRUE,TRUE, ,FALSE,1,202000000000.000000000000000,FALSE,40.694369999999999,-89.601945999999998,1
56,2094,2017-14808,10/4/2017 0:00:00,2:30:02,1,0,"1538 W MILLMAN ST  
peoria IL 61605
",112 - Fires in structure other than in a building,TRUE,TRUE, ,TRUE,8,202000000000.000000000000000,FALSE,40.682974000000002,-89.617969000000002,1
57,2094,2017-14702,10/2/2017 0:00:00,3:29:19,1,0,"709 E RAVINE AVE  
peoria IL 61613
",111 - Building fire,TRUE,TRUE, ,FALSE,1,202000000000.000000000000000,FALSE,40.708675999999997,-89.585595999999995,1
58,2094,2017-14689,10/1/2017 0:00:00,22:49:27,1,0,"701  FAIRHOLM AVE  
peoria IL 61615
",111 - Building fire,TRUE,TRUE, ,FALSE,12,202000000000.000000000000000,FALSE,40.717064999999998,-89.564257999999995,1
59,2094,2017-14623,9/30/2017 0:00:00,19:43:28,1,0,"5408 W RACHAEL DR  
Peoria IL 61615
",111 - Building fire,TRUE,TRUE, ,TRUE,16,202000000000.000000000000000,FALSE,40.755969000000000,-89.678337999999997,1
60,2094,2017-14543,9/29/2017 0:00:00,12:59:13,1,0,"2601 W RESERVOIR BLVD  
Peoria IL 61601
","118 - Trash or rubbish fire, contained",TRUE,TRUE, ,TRUE,13,202000000000.000000000000000,FALSE,40.732987000000001,-89.634105000000005,1
61,2094,2017-14448,9/27/2017 0:00:00,17:39:20,1,0,"337 W STONEGATE RD  
peoria IL 61613
","113 - Cooking fire, confined to container",TRUE,TRUE, ,TRUE,16,202000000000.000000000000000,FALSE,40.741957999999997,-89.597235999999995,1
62,2094,2017-14388,9/26/2017 0:00:00,19:55:18,1,0,"2107 W LINCOLN AVE  
Peoria IL 61605
",111 - Building fire,TRUE,TRUE, ,FALSE,4,202000000000.000000000000000,FALSE,40.681541000000003,-89.626310000000004,1
63,2094,2017-14272,9/24/2017 0:00:00,15:40:09,1,0,"1205 W MC CLURE AVE  
Peoria City (Township of) IL 61603
","118 - Trash or rubbish fire, contained",TRUE,TRUE, ,FALSE,1,202000000000.000000000000000,FALSE,40.718043999999999,-89.611590000000007,1
64,2094,2017-14236,9/23/2017 0:00:00,17:42:02,1,0,"2615 W GARDEN ST  
Peoria IL 61601
",111 - Building fire,TRUE,TRUE, ,FALSE,8,202000000000.000000000000000,FALSE,40.676144999999998,-89.634747000000004,1
65,2094,2017-14197,9/23/2017 0:00:00,2:25:04,1,0,"1720 W BRADLEY AVE  
Peoria IL 61606
","118 - Trash or rubbish fire, contained",TRUE,TRUE, ,FALSE,8,202000000000.000000000000000,FALSE,40.696203400000002,-89.621099999999998,1
66,2094,2017-14185,9/22/2017 0:00:00,19:56:37,1,0,"331  FULTON ST  
Peoria IL 61603
","113 - Cooking fire, confined to container",TRUE,TRUE, ,TRUE,1,202000000000.000000000000000,FALSE,40.691567999999997,-89.592010000000002,1
67,2094,2017-14089,9/20/2017 0:00:00,22:37:46,1,0,"4306 W CASTLETON RD  
peoria IL 61614
","113 - Cooking fire, confined to container",TRUE,TRUE, ,TRUE,19,202000000000.000000000000000,FALSE,40.758904000000001,-89.661495000000002,1
68,2094,2017-14071,9/20/2017 0:00:00,19:03:54,1,0,"915 S WARREN ST  
Peoria IL 61604
","118 - Trash or rubbish fire, contained",TRUE,TRUE, ,TRUE,4,202000000000.000000000000000,FALSE,40.678716500000000,-89.618571500000002,1
69,2094,2017-14063,9/20/2017 0:00:00,12:17:00,2,0,"512  Cornhill ST  
Peoria IL 61601
",111 - Building fire,TRUE,TRUE, ,TRUE,1,202000000000.000000000000000,FALSE,40.706570599999999,-89.572784799999994,1
70,2094,2017-14026,9/19/2017 0:00:00,23:28:58,1,0,"2401 N GALE AVE  # B4
peoria IL 61603
",111 - Building fire,TRUE,TRUE, ,TRUE,8,202000000000.000000000000000,FALSE,40.716304999999998,-89.618058000000005,1
71,2094,2017-13967,9/19/2017 0:00:00,3:47:59,1,0,"2000 W BUTLER ST  
Peoria IL 61601
","118 - Trash or rubbish fire, contained",TRUE,TRUE, ,TRUE,4,202000000000.000000000000000,FALSE,40.683824000000001,-89.624730000000000,1
72,2094,2017-13952,9/18/2017 0:00:00,17:55:15,1,0,"3443 W OAKCREST DR  # 1B
Peoria IL 61604
","113 - Cooking fire, confined to container",TRUE,TRUE, ,TRUE,13,202000000000.000000000000000,FALSE,40.719786999999997,-89.646396999999993,1
73,2094,2017-13921,9/18/2017 0:00:00,8:21:04,1,0,"119 SW ADAMS ST  
peoria IL 61602
","118 - Trash or rubbish fire, contained",TRUE,TRUE, ,FALSE,1,202000000000.000000000000000,FALSE,40.691332000000003,-89.590598999999997,1
74,2094,2017-13865,9/17/2017 0:00:00,3:29:00,2,0,"1614 S WESTMORELAND AVE  
peoria IL 61605
",111 - Building fire,TRUE,TRUE, ,FALSE,4,202000000000.000000000000000,FALSE,40.669600000000003,-89.628929999999997,1
75,2094,2017-13856,9/17/2017 0:00:00,0:55:18,1,0,"7723 N UNIVERSITY ST  
Peoria IL 61615
","113 - Cooking fire, confined to container",TRUE,TRUE, ,TRUE,15,202000000000.000000000000000,FALSE,40.782054000000002,-89.622156000000004,1
76,2094,2017-13724,9/14/2017 0:00:00,22:55:53,1,0,"926  MAIN ST  
Peoria IL 61603
",111 - Building fire,TRUE,TRUE, ,FALSE,1,202000000000.000000000000000,FALSE,40.698635099999997,-89.596206600000002,1
77,2094,2017-13608,9/12/2017 0:00:00,18:53:47,1,0,"609 W HILLYER PL  
peoria IL 61602
",111 - Building fire,TRUE,TRUE, ,FALSE,8,202000000000.000000000000000,FALSE,40.695892999999998,-89.601679000000004,1
78,2094,2017-13590,9/12/2017 0:00:00,13:26:16,1,0,"2615 W MALONE AVE  
peoria IL 61605
",111 - Building fire,TRUE,TRUE, ,TRUE,3,202000000000.000000000000000,FALSE,40.675240000000002,-89.634777999999997,1
79,2094,2017-13540,9/11/2017 0:00:00,17:04:24,1,0,"2523 W CARLISLE LN  
peoria IL 61615
","113 - Cooking fire, confined to container",TRUE,TRUE, ,TRUE,20,202000000000.000000000000000,FALSE,40.822190999999997,-89.631522000000004,1
80,2094,2017-13508,9/11/2017 0:00:00,10:32:49,1,0,"5708 N BILTMORE AVE  
Peoria IL 61614
fairlawn","113 - Cooking fire, confined to container",TRUE,TRUE, ,TRUE,16,202000000000.000000000000000,FALSE,40.756757999999998,-89.604124999999996,1
81,2094,2017-13475,9/10/2017 0:00:00,13:51:24,1,0,"1314 N NORTH ST  
Peoria IL 61604
","118 - Trash or rubbish fire, contained",TRUE,TRUE, ,FALSE,1,202000000000.000000000000000,FALSE,40.703879000000001,-89.598635999999999,1
82,2094,2017-13470,9/10/2017 0:00:00,10:30:04,1,0,"1914 W MARTIN ST  
peoria IL 61605
",111 - Building fire,TRUE,TRUE, ,FALSE,8,202000000000.000000000000000,FALSE,40.685718999999999,-89.623970999999997,1
83,2094,2017-13403,9/8/2017 0:00:00,23:01:18,1,0,"1321 S STANLEY ST  
Peoria IL 61601
",111 - Building fire,TRUE,TRUE, ,FALSE,8,202000000000.000000000000000,FALSE,40.673136999999997,-89.631872999999999,1
84,2094,2017-13381,9/8/2017 0:00:00,19:04:04,1,0,"1101 SW JEFFERSON AVE  
Peoria IL 61601
",111 - Building fire,TRUE,TRUE, ,TRUE,8,202000000000.000000000000000,FALSE,40.685091000000000,-89.603420000000000,1
85,2094,2017-13269,9/6/2017 0:00:00,17:08:09,1,0,"6225 N HAMILTON RD  
Peoria IL 61614
","113 - Cooking fire, confined to container",TRUE,TRUE, ,TRUE,16,202000000000.000000000000000,FALSE,40.763086999999999,-89.627554000000003,1
86,2094,2017-13210,9/5/2017 0:00:00,11:55:31,1,0,"1520 W SMITH ST  
Peoria IL 61601
","118 - Trash or rubbish fire, contained",TRUE,TRUE, ,TRUE,4,202000000000.000000000000000,FALSE,40.686619999999998,-89.616918699999999,1
87,2094,2017-13193,9/5/2017 0:00:00,4:24:10,1,0,"3441 W OAKCREST DR  
Peoria IL 61604
","113 - Cooking fire, confined to container",TRUE,TRUE, ,TRUE,13,202000000000.000000000000000,FALSE,40.719754000000002,-89.646378999999996,1
88,2094,2017-13173,9/4/2017 0:00:00,19:03:38,1,0,"1505 N PEORIA AVE  
Peoria IL 61603
","113 - Cooking fire, confined to container",TRUE,TRUE, ,TRUE,1,202000000000.000000000000000,FALSE,40.705461000000000,-89.592399999999998,1
89,2094,2017-13053,9/2/2017 0:00:00,15:42:52,1,0,"3723 W CARMEL AVE  
peoria IL 61615
","113 - Cooking fire, confined to container",TRUE,TRUE, ,TRUE,19,202000000000.000000000000000,FALSE,40.760041999999999,-89.652674000000005,1
90,2094,2017-12782,8/29/2017 0:00:00,0:36:39,1,0,"2813 W PARKRIDGE DR  
Peoria IL 61604
",111 - Building fire,TRUE,TRUE, ,FALSE,13,202000000000.000000000000000,FALSE,40.720829999999999,-89.637224000000003,1
91,2094,2017-12703,8/27/2017 0:00:00,10:26:03,1,0,"907 E ARCADIA AVE  
Peoria IL 61601
",111 - Building fire,TRUE,TRUE, ,TRUE,10,202000000000.000000000000000,FALSE,40.715335000000003,-89.581997999999999,1
92,2094,2017-12620,8/25/2017 0:00:00,20:44:16,1,0,"1216 W GLEN AVE  
Peoria IL 61614
","113 - Cooking fire, confined to container",TRUE,TRUE, ,TRUE,10,202000000000.000000000000000,FALSE,40.746721000000001,-89.611467000000005,1
93,2094,2017-12571,8/24/2017 0:00:00,20:44:01,1,0,"2725 W MONTANA ST  
peoria IL 61605
","118 - Trash or rubbish fire, contained",TRUE,TRUE, ,TRUE,4,202000000000.000000000000000,FALSE,40.663207000000000,-89.635998999999998,1
94,2094,2017-12486,8/23/2017 0:00:00,11:35:19,1,0,"3453 W SUNBURST LN  # C2
Peoria IL 61601
",111 - Building fire,TRUE,TRUE, ,TRUE,13,202000000000.000000000000000,FALSE,40.718192999999999,-89.645595000000000,1
95,2094,2017-12475,8/23/2017 0:00:00,6:49:15,1,0,"2724 W STARR ST  
Peoria IL 61605
",111 - Building fire,TRUE,TRUE, ,FALSE,4,202000000000.000000000000000,FALSE,40.673997000000000,-89.636709999999994,1
96,2094,2017-12466,8/23/2017 0:00:00,3:18:57,1,0,"3443 W OAKCREST DR  # 1b
Peoria IL 61604
","113 - Cooking fire, confined to container",TRUE,TRUE, ,TRUE,3,202000000000.000000000000000,FALSE,40.719786999999997,-89.646396999999993,1
97,2094,2017-12351,8/21/2017 0:00:00,5:10:46,2,0,"2623 W GARDEN ST  
Peoria IL 61601
","118 - Trash or rubbish fire, contained",TRUE,TRUE, ,TRUE,1,202000000000.000000000000000,FALSE,40.676121600000002,-89.634965500000007,1
98,2094,2017-12239,8/18/2017 0:00:00,20:41:17,1,0,"4010 N BRANDYWINE DR  # 701
Peoria IL 61601
",111 - Building fire,TRUE,TRUE, ,TRUE,11,202000000000.000000000000000,FALSE,40.738343999999998,-89.622669000000002,1
99,2094,2017-12212,8/18/2017 0:00:00,11:48:46,1,0,"6823 N TERRA VISTA DR  # 706
peoria IL 61604
","113 - Cooking fire, confined to container",TRUE,TRUE, ,TRUE,13,202000000000.000000000000000,FALSE,40.771037999999997,-89.630325999999997,1
100,2094,2017-12127,8/16/2017 0:00:00,18:53:31,1,0,"1625 N BOURLAND AVE  
Peoria IL 61604
donald",112 - Fires in structure other than in a building,TRUE,TRUE, ,TRUE,3,202000000000.000000000000000,FALSE,40.707942000000003,-89.610393000000002,1
101,2094,2017-12059,8/15/2017 0:00:00,18:08:15,1,0,"4807 W GLADSTONE PL  
peoria IL 61614
","113 - Cooking fire, confined to container",TRUE,TRUE, ,TRUE,20,202000000000.000000000000000,FALSE,40.760285000000003,-89.668423000000004,1
102,2094,2017-11965,8/14/2017 0:00:00,8:40:13,1,0,"1429 W ANTOINETTE ST  
Peoria IL 61605
",111 - Building fire,TRUE,TRUE, ,FALSE,4,202000000000.000000000000000,FALSE,40.677874000000003,-89.616532000000007,1
103,2094,2017-11918,8/13/2017 0:00:00,17:21:39,1,0,"3465 N UNIVERSITY ST  
peoria IL 61604
","118 - Trash or rubbish fire, contained",TRUE,TRUE, ,TRUE,11,202000000000.000000000000000,FALSE,40.730609000000001,-89.614151000000007,1
104,2094,2017-11886,8/13/2017 0:00:00,3:21:34,1,0,"1046 W LINCOLN AVE  
Peoria IL 61601
",111 - Building fire,TRUE,TRUE, ,TRUE,4,202000000000.000000000000000,FALSE,40.681190999999998,-89.611188999999996,1
105,2094,2017-11862,8/12/2017 0:00:00,20:06:10,1,0,"306 NE LAKE VIEW AVE  
Peoria IL 61603
","118 - Trash or rubbish fire, contained",TRUE,TRUE, ,TRUE,12,202000000000.000000000000000,FALSE,40.716546999999998,-89.566693999999998,1
106,2094,2017-11806,8/11/2017 0:00:00,19:44:50,1,0,"1026 S SHELLEY ST  
Peoria IL 61601
",111 - Building fire,TRUE,TRUE, ,FALSE,4,202000000000.000000000000000,FALSE,40.676488700000000,-89.617369999999994,1
107,2094,2017-11662,8/9/2017 0:00:00,14:26:29,1,0,"722 E ILLINOIS AVE  
Peoria IL 61603
","118 - Trash or rubbish fire, contained",TRUE,TRUE, ,TRUE,10,202000000000.000000000000000,FALSE,40.705953500000000,-89.585220199999995,1
108,2094,2017-11645,8/9/2017 0:00:00,5:26:14,1,0,"919 W THIRD AVE  
Peoria IL 61605
",111 - Building fire,TRUE,TRUE, ,FALSE,1,202000000000.000000000000000,FALSE,40.691328499999997,-89.608020699999997,1
109,2094,2017-11609,8/8/2017 0:00:00,12:14:49,1,0,"428 W VIRGINIA AVE  
Peoria IL 61603
","118 - Trash or rubbish fire, contained",TRUE,TRUE, ,TRUE,10,202000000000.000000000000000,FALSE,40.718457999999998,-89.599787000000006,1
110,2094,2017-11574,8/7/2017 0:00:00,18:35:18,1,0,"2886 W WILLOW KNOLLS RD  
Peoria IL 61601
","118 - Trash or rubbish fire, contained",TRUE,TRUE, ,TRUE,16,202000000000.000000000000000,FALSE,40.775889700000000,-89.636489699999998,1
111,2094,2017-11474,8/6/2017 0:00:00,3:52:34,1,0,"1020 S GREENLAWN AVE  
peoria IL 61615
",111 - Building fire,TRUE,TRUE, ,FALSE,1,202000000000.000000000000000,FALSE,40.676737000000003,-89.621593000000004,1
112,2094,2017-11456,8/5/2017 0:00:00,19:23:48,1,0,"4010 N BRANDYWINE DR  
Peoira IL 61615
","113 - Cooking fire, confined to container",TRUE,TRUE, ,TRUE,3,202000000000.000000000000000,FALSE,40.738343999999998,-89.622669000000002,1
113,2094,2017-11447,8/5/2017 0:00:00,14:56:02,1,0,"1811 N BROADWAY ST  
Peoria IL 61606
","118 - Trash or rubbish fire, contained",TRUE,TRUE, ,FALSE,3,202000000000.000000000000000,FALSE,40.709894800000001,-89.607551299999997,1
114,2094,2017-11395,8/4/2017 0:00:00,11:33:04,1,0,"2009 W STARR ST  
peoria IL 61605
",111 - Building fire,TRUE,TRUE, ,FALSE,4,202000000000.000000000000000,FALSE,40.674256000000000,-89.624910999999997,1
115,2094,2017-11385,8/4/2017 0:00:00,10:03:38,1,0,"1215 W GIFT AVE  
Peoria IL 61604
",111 - Building fire,TRUE,TRUE, ,FALSE,3,202000000000.000000000000000,FALSE,40.719914000000003,-89.612082000000001,1
116,2094,2017-11300,8/2/2017 0:00:00,19:11:38,1,0,"700 W MC CLURE AVE  
peoria IL 61604
2400 N. Sheridan Rd","118 - Trash or rubbish fire, contained",TRUE,TRUE, ,TRUE,3,202000000000.000000000000000,FALSE,40.717746099999999,-89.603424899999993,1
117,2094,2017-11224,8/1/2017 0:00:00,16:45:50,1,0,"2704 W GARDEN ST  
peoria IL 61605
",111 - Building fire,TRUE,TRUE, ,TRUE,4,202000000000.000000000000000,FALSE,40.675771200000000,-89.635647700000007,1
118,2094,2017-11165,7/31/2017 0:00:00,16:40:53,1,0,"1607 W LINCOLN AVE  
Peoria IL 61605
","113 - Cooking fire, confined to container",TRUE,TRUE, ,TRUE,4,202000000000.000000000000000,FALSE,40.681542000000000,-89.618868000000006,1
119,2094,2017-11094,7/30/2017 0:00:00,14:11:45,1,0,"5327 N ISABELL AVE  
Peoria IL 61601
","118 - Trash or rubbish fire, contained",TRUE,TRUE, ,TRUE,16,202000000000.000000000000000,FALSE,40.752442000000002,-89.608746999999994,1
120,2094,2017-11035,7/29/2017 0:00:00,12:35:06,1,0,"4011 W CRIMSON RD  
Peoria IL 61615
",111 - Building fire,TRUE,TRUE, ,TRUE,20,202000000000.000000000000000,FALSE,40.815758000000002,-89.654871999999997,1
121,2094,2017-10989,7/28/2017 0:00:00,15:00:05,1,0,"210 S WESTERN AVE  
Peoria IL 61601
","118 - Trash or rubbish fire, contained",TRUE,TRUE, ,FALSE,4,202000000000.000000000000000,FALSE,40.686586499999997,-89.622227400000000,1
122,2094,2017-10926,7/27/2017 0:00:00,13:25:16,1,0,"1804 W BUTLER ST  
Peoria IL 61605
","118 - Trash or rubbish fire, contained",TRUE,TRUE, ,TRUE,4,202000000000.000000000000000,FALSE,40.683871000000003,-89.620868999999999,1
123,2094,2017-10873,7/26/2017 0:00:00,12:24:53,1,0,"2605 N PROSPECT RD  
peoria IL 61603
","113 - Cooking fire, confined to container",TRUE,TRUE, ,TRUE,1,202000000000.000000000000000,FALSE,40.718688999999998,-89.576954999999998,1
124,2094,2017-100002,7/25/2017 0:00:00,9:00:00,1,0,"1 W Butler ST  
Peoria IL 61601
macauthur",111 - Building fire,TRUE,TRUE, ,TRUE,1,0.000000000000000,FALSE,40.684060100000004,-89.619499899999994,1
125,2094,2017-10790,7/24/2017 0:00:00,20:43:22,1,0,"1820 W MILLMAN ST  
Peoria IL 61603
",111 - Building fire,TRUE,TRUE, ,FALSE,4,202000000000.000000000000000,FALSE,40.682960299999998,-89.621868399999997,1
126,2094,2017-10756,7/24/2017 0:00:00,9:23:05,1,0,"814 N TOBIAS LN  
peoria IL 61606
","118 - Trash or rubbish fire, contained",TRUE,TRUE, ,FALSE,3,202000000000.000000000000000,FALSE,40.698466000000003,-89.616792000000004,1
127,2094,2017-10724,7/23/2017 0:00:00,11:48:23,1,0,"3035 W MEIDROTH ST  
peoria IL 61603
","113 - Cooking fire, confined to container",TRUE,TRUE, ,TRUE,4,202000000000.000000000000000,FALSE,40.665349999999997,-89.641999999999996,1
128,2094,2017-10676,7/22/2017 0:00:00,13:15:23,1,0,"8416 N DUNDEE RD  
Peoria IL 61601
","118 - Trash or rubbish fire, contained",TRUE,TRUE, ,TRUE,15,202000000000.000000000000000,FALSE,40.789481000000002,-89.606384000000006,1
129,2094,2017-10643,7/21/2017 0:00:00,17:15:13,1,0,"1108 E NORWOOD AVE  
Peoria IL 61603
",111 - Building fire,TRUE,TRUE, ,FALSE,10,202000000000.000000000000000,FALSE,40.725974000000001,-89.577065000000005,1
130,2094,2017-10582,7/20/2017 0:00:00,22:52:35,1,0,"2602 W FREMONT ST  
peoria IL 61602
",111 - Building fire,TRUE,TRUE, ,TRUE,4,202000000000.000000000000000,FALSE,40.671207000000003,-89.634231000000000,1
131,2094,2017-10512,7/19/2017 0:00:00,18:46:11,1,0,"1624 N DOUGLAS ST  
Peoria IL 61604
",111 - Building fire,TRUE,TRUE, ,TRUE,3,202000000000.000000000000000,FALSE,40.707875000000001,-89.604721999999995,1
132,2094,2017-10429,7/18/2017 0:00:00,9:36:59,1,0,"1222 W NORTHCREST AVE  
peoria IL 61614
",111 - Building fire,TRUE,TRUE, ,TRUE,11,202000000000.000000000000000,FALSE,40.734026000000000,-89.611868000000001,1
133,2094,2017-10350,7/17/2017 0:00:00,1:29:19,1,0,"2416 N UNIVERSITY ST  
Peoria IL 61601
","118 - Trash or rubbish fire, contained",TRUE,TRUE, ,TRUE,3,202000000000.000000000000000,FALSE,40.717590000000001,-89.612784000000005,1
134,2094,2017-10320,7/16/2017 0:00:00,15:54:45,1,0,"1611 S STANLEY ST  
Peoria IL 61601
",111 - Building fire,TRUE,TRUE, ,TRUE,4,202000000000.000000000000000,FALSE,40.669829999999997,-89.631868999999995,1
135,2094,2017-10171,7/14/2017 0:00:00,0:03:11,1,0,"4819 N KNOXVILLE AVE  
Peoria IL 61614
","118 - Trash or rubbish fire, contained",TRUE,TRUE, ,TRUE,10,202000000000.000000000000000,FALSE,40.745669999999997,-89.594288000000006,1
136,2094,2017-10130,7/13/2017 0:00:00,1:41:20,1,0,"1315 S STANLEY ST  
Peoria IL 61601
","118 - Trash or rubbish fire, contained",TRUE,TRUE, ,TRUE,4,202000000000.000000000000000,FALSE,40.673411999999999,-89.631844000000001,1
137,2094,2017-10054,7/11/2017 0:00:00,10:31:07,1,0,"1505 N PEORIA AVE  
peoria IL 61602
",111 - Building fire,TRUE,TRUE, ,FALSE,1,202000000000.000000000000000,FALSE,40.705460500000001,-89.592399900000004,1
138,2094,2017-9945,7/9/2017 0:00:00,1:11:43,1,0,"730 E KANSAS ST  
peoria IL 61602
",111 - Building fire,TRUE,TRUE, ,TRUE,10,202000000000.000000000000000,FALSE,40.711064000000000,-89.585016999999993,1
139,2094,2017-9918,7/8/2017 0:00:00,19:05:27,1,0,"500 W VIRGINIA AVE  
Peoria IL 61604
2600 N. Bootz","118 - Trash or rubbish fire, contained",TRUE,TRUE, ,TRUE,3,202000000000.000000000000000,FALSE,40.718432000000000,-89.600342999999995,1
140,2094,2017-9834,7/7/2017 0:00:00,10:48:20,1,0,"928 S SUMNER AVE  
Peoria IL 61605
","118 - Trash or rubbish fire, contained",TRUE,TRUE, ,TRUE,4,202000000000.000000000000000,FALSE,40.678165999999997,-89.615826999999996,1
141,2094,2017-9744,7/5/2017 0:00:00,18:25:35,1,0,"1601 W BUTLER ST  
peoria IL 61605
",111 - Building fire,TRUE,TRUE, ,FALSE,4,202000000000.000000000000000,FALSE,40.684336000000002,-89.618492000000003,1
142,2094,2017-9704,7/5/2017 0:00:00,2:20:09,1,0,"1317 W JOHN H GWYNN JR AVE  
Peoria IL 61601
",111 - Building fire,TRUE,TRUE, ,FALSE,4,202000000000.000000000000000,FALSE,40.690479000000003,-89.614255000000000,1
143,2094,2017-9691,7/4/2017 0:00:00,23:34:23,1,0,"119 S MERRIMAN CT  
Peoria IL 61603
","118 - Trash or rubbish fire, contained",TRUE,TRUE, ,TRUE,1,202000000000.000000000000000,FALSE,40.687786000000003,-89.604555000000005,1
144,2094,2017-9685,7/4/2017 0:00:00,22:57:24,1,0,"2043 S FRIEDAN ST  
Peoria IL 61605
","118 - Trash or rubbish fire, contained",TRUE,TRUE, ,TRUE,4,202000000000.000000000000000,FALSE,40.664726999999999,-89.634096999999997,1
145,2094,2017-9689,7/4/2017 0:00:00,21:54:06,1,0,"1627 N PEORIA AVE  
Peoria IL 61601
",111 - Building fire,TRUE,TRUE, ,FALSE,1,202000000000.000000000000000,FALSE,40.707410000000003,-89.591825000000000,1
146,2094,2017-9553,7/2/2017 0:00:00,16:57:21,1,0,"1321 W MARLENE AVE  
Peoria IL 61614
","113 - Cooking fire, confined to container",TRUE,TRUE, ,TRUE,11,202000000000.000000000000000,FALSE,40.744948000000001,-89.614002999999997,1
147,2094,2017-9543,7/2/2017 0:00:00,13:28:08,1,0,"2502 W FREMONT ST  
Peoria IL 61601
",111 - Building fire,TRUE,TRUE, ,FALSE,1,202000000000.000000000000000,FALSE,40.671240599999997,-89.633148100000000,1
148,2094,2017-9487,7/1/2017 0:00:00,13:48:56,1,0,"500 E FORREST HILL AVE  
Peoria IL 61603
","118 - Trash or rubbish fire, contained",TRUE,TRUE, ,TRUE,10,202000000000.000000000000000,FALSE,40.724631000000002,-89.588616000000002,1
149,2094,2017-9405,6/30/2017 0:00:00,4:47:54,1,0,"2427 W PROCTOR ST  
peoria IL 61605
",111 - Building fire,TRUE,TRUE, ,TRUE,4,202000000000.000000000000000,FALSE,40.678939000000000,-89.632250999999997,1
150,2094,2017-9393,6/29/2017 0:00:00,22:32:21,1,0,"1529 W BUTLER ST  
peoria IL 61605
",111 - Building fire,TRUE,TRUE, ,TRUE,8,202000000000.000000000000000,FALSE,40.684334999999997,-89.617433000000005,1
151,2094,2017-9376,6/29/2017 0:00:00,15:01:35,1,0,"2613 W HUMBOLDT ST  
peoria IL 61605
",111 - Building fire,TRUE,TRUE, ,FALSE,4,202000000000.000000000000000,FALSE,40.672485000000002,-89.634725000000003,1
152,2094,2017-9216,6/25/2017 0:00:00,23:21:11,1,0,"700 W THRUSH AVE  
Peoria City (Township of) IL 61603
","118 - Trash or rubbish fire, contained",TRUE,TRUE, ,TRUE,3,202000000000.000000000000000,FALSE,40.715029999999999,-89.603469000000004,1
153,2094,2017-9035,6/22/2017 0:00:00,15:18:48,1,0,"3205 W ANN ST  
Peoria IL 61601
","118 - Trash or rubbish fire, contained",TRUE,TRUE, ,TRUE,8,202000000000.000000000000000,FALSE,40.680010000000003,-89.644114000000002,1
154,2094,2017-9024,6/22/2017 0:00:00,10:02:55,1,0,"610 W RIDGEMONT RD  
Peoria IL 61603
","118 - Trash or rubbish fire, contained",TRUE,TRUE, ,TRUE,10,202000000000.000000000000000,FALSE,40.736077000000002,-89.601955000000004,1
155,2094,2017-8966,6/21/2017 0:00:00,13:38:00,1,0,"3312 W WOODHILL LN  # F
Peoria IL 61614
","113 - Cooking fire, confined to container",TRUE,TRUE, ,TRUE,13,202000000000.000000000000000,FALSE,40.724212999999999,-89.647004999999993,1
156,2094,2017-8889,6/19/2017 0:00:00,23:00:39,1,0,"2019 N BIGELOW ST  
Peoria IL 61601
","118 - Trash or rubbish fire, contained",TRUE,TRUE, ,TRUE,3,202000000000.000000000000000,FALSE,40.712226000000001,-89.597397000000001,1
157,2094,2017-8874,6/19/2017 0:00:00,14:32:40,1,0,"1314 E FAIROAKS AVE  
Peoria IL 61603
","118 - Trash or rubbish fire, contained",TRUE,TRUE, ,TRUE,1,202000000000.000000000000000,FALSE,40.727015000000002,-89.573338000000007,1
158,2094,2017-8849,6/18/2017 0:00:00,23:54:37,1,0,"2104 W ANTOINETTE ST  
peoria IL 61605
",111 - Building fire,TRUE,TRUE, ,FALSE,3,202000000000.000000000000000,FALSE,40.677545000000002,-89.626418999999999,1
159,2094,2017-8729,6/16/2017 0:00:00,20:11:33,1,0,"1106 N GARFIELD AVE  
Peoria IL 61601
",111 - Building fire,TRUE,TRUE, ,TRUE,4,202000000000.000000000000000,FALSE,40.701448999999997,-89.607375000000005,1
160,2094,2017-8694,6/16/2017 0:00:00,11:49:46,1,0,"2102 N PROSPECT RD  
Peoria IL 61601
","115 - Incinerator overload or malfunction, fire confined",TRUE,TRUE, ,FALSE,1,202000000000.000000000000000,FALSE,40.712350999999998,-89.577397000000005,1
161,2094,2017-8651,6/15/2017 0:00:00,15:21:21,1,0,"3326 N EL VISTA AVE  
peoria IL 61604
","118 - Trash or rubbish fire, contained",TRUE,TRUE, ,TRUE,13,202000000000.000000000000000,FALSE,40.728382000000003,-89.627745000000004,1
162,2094,2017-8630,6/15/2017 0:00:00,10:39:09,1,0,"3326 N EL VISTA AVE  
peoria IL 61604
","118 - Trash or rubbish fire, contained",TRUE,TRUE, ,TRUE,13,202000000000.000000000000000,FALSE,40.728382000000003,-89.627745000000004,1
163,2094,2017-8593,6/14/2017 0:00:00,15:53:26,1,0,"2408 N CENTRAL AVE  
Peoria IL 61601
","118 - Trash or rubbish fire, contained",TRUE,TRUE, ,FALSE,1,202000000000.000000000000000,FALSE,40.716912000000001,-89.579486000000003,1
164,2094,2017-8561,6/14/2017 0:00:00,10:24:11,1,0,"2336 N GALE AVE  
Peoria IL 61604
",111 - Building fire,TRUE,TRUE, ,TRUE,1,202000000000.000000000000000,FALSE,40.716557000000002,-89.615669999999994,1
165,2094,2017-8502,6/13/2017 0:00:00,10:18:34,1,0,"1133 N NORTH ST  
Peoria (County) IL 61603
","118 - Trash or rubbish fire, contained",TRUE,TRUE, ,TRUE,1,202000000000.000000000000000,FALSE,40.701900999999999,-89.599207000000007,1
166,2094,2017-8497,6/13/2017 0:00:00,8:55:54,1,0,"10827 N SAWMILL LN  
Peoria IL 61601
",111 - Building fire,TRUE,TRUE, ,TRUE,20,202000000000.000000000000000,FALSE,40.819923000000003,-89.657067999999995,1
167,2094,2017-8472,6/12/2017 0:00:00,18:31:38,1,0,"706 W MCBEAN ST  
Peoria IL 61605
","113 - Cooking fire, confined to container",TRUE,TRUE, ,FALSE,8,202000000000.000000000000000,FALSE,40.685485000000000,-89.603962999999993,1
168,2094,2017-8460,6/12/2017 0:00:00,15:38:47,1,0,"0  I-74W (GALE TO FOR HILL)   
peoria IL 61604
","118 - Trash or rubbish fire, contained",TRUE,TRUE, ,FALSE,13,202000000000.000000000000000,FALSE,40.723309000000000,-89.620341999999994,1
169,2094,2017-8434,6/12/2017 0:00:00,7:33:30,1,0,"2102 N PROSPECT RD  
Peoria IL 61603
",111 - Building fire,TRUE,TRUE, ,TRUE,1,202000000000.000000000000000,FALSE,40.712350999999998,-89.577397000000005,1
170,2094,2017-8419,6/11/2017 0:00:00,21:52:58,1,0,"1909 W HOWETT ST  
peoria IL 61605
",111 - Building fire,TRUE,TRUE, ,TRUE,3,202000000000.000000000000000,FALSE,40.682523000000003,-89.623695999999995,1
171,2094,2017-8396,6/11/2017 0:00:00,16:09:59,1,0,"436 W DETWEILLER DR  
Peoria IL 61615
","118 - Trash or rubbish fire, contained",TRUE,TRUE, ,TRUE,15,202000000000.000000000000000,FALSE,40.786814999999997,-89.597516999999996,1
172,2094,2017-8350,6/10/2017 0:00:00,16:22:05,1,0,"2627 N KINGSTON DR  
Peoria IL 61604
","113 - Cooking fire, confined to container",TRUE,TRUE, ,TRUE,3,202000000000.000000000000000,FALSE,40.720201000000003,-89.640865000000005,1
173,2094,2017-8343,6/10/2017 0:00:00,13:54:42,1,0,"1211 E CORRINGTON AVE  
peoria IL 61603
",111 - Building fire,TRUE,TRUE, ,TRUE,10,202000000000.000000000000000,FALSE,40.722158000000000,-89.576837999999995,1
174,2094,2017-8327,6/10/2017 0:00:00,5:33:59,1,0,"312 S SARATOGA ST  
Peoria IL 61601
",111 - Building fire,TRUE,FALSE, ,FALSE,8,202000000000.000000000000000,FALSE,40.684918000000003,-89.609013000000004,1
175,2094,2017-8305,6/9/2017 0:00:00,18:43:38,1,0,"807 W THRUSH AVE  
peoria IL 61604
","113 - Cooking fire, confined to container",TRUE,TRUE, ,TRUE,3,202000000000.000000000000000,FALSE,40.715302000000001,-89.605402999999995,1
176,2094,2017-8297,6/9/2017 0:00:00,16:18:40,1,0,"2301 N FLORA AVE  
peoria IL 61604
","118 - Trash or rubbish fire, contained",TRUE,TRUE, ,TRUE,3,202000000000.000000000000000,FALSE,40.715409000000001,-89.601358000000005,1
177,2094,2017-8155,6/7/2017 0:00:00,3:52:39,1,0,"1123 W NEBRASKA AVE  
Peoria IL 61601
",111 - Building fire,TRUE,TRUE, ,FALSE,3,202000000000.000000000000000,FALSE,40.710807000000003,-89.611425999999994,1
178,2094,2017-8110,6/6/2017 0:00:00,7:02:04,2,0,"812 W RIDGE RD  
peoria IL 61603
",111 - Building fire,TRUE,TRUE, ,TRUE,11,202000000000.000000000000000,FALSE,40.734735000000001,-89.605234100000004,1
179,2094,2017-8094,6/5/2017 0:00:00,17:51:29,1,0,"1400 NE MADISON AVE  
peoria IL 61603
","118 - Trash or rubbish fire, contained",TRUE,TRUE, ,TRUE,1,202000000000.000000000000000,FALSE,40.703583999999999,-89.575557000000003,1
180,2094,2017-7963,6/3/2017 0:00:00,2:02:12,1,0,"1526 W CANDLETREE DR  
Peoria IL 61614
","118 - Trash or rubbish fire, contained",TRUE,TRUE, ,TRUE,15,202000000000.000000000000000,FALSE,40.780366999999998,-89.616602000000000,1
181,2094,2017-7584,5/26/2017 0:00:00,19:42:23,1,0,"1327 E HILLCREST PL  
Peoria IL 61601
","118 - Trash or rubbish fire, contained",TRUE,TRUE, ,TRUE,10,202000000000.000000000000000,FALSE,40.711607999999998,-89.575845999999999,1
182,2094,2017-7488,5/25/2017 0:00:00,10:06:50,1,0,"6823 N TERRA VISTA DR  # 702
peoria IL 61614
",111 - Building fire,TRUE,TRUE, ,TRUE,19,202000000000.000000000000000,FALSE,40.771037999999997,-89.630325999999997,1
183,2094,2017-7402,5/23/2017 0:00:00,14:57:43,1,0,"900 NE MADISON AVE  
Peoria IL 61601
",111 - Building fire,TRUE,TRUE, ,TRUE,12,202000000000.000000000000000,FALSE,40.699719999999999,-89.581708000000006,1
184,2094,2017-7226,5/19/2017 0:00:00,19:35:26,1,0,"2805 W LARCHMONT LN  # h23
peoria IL 61604
","113 - Cooking fire, confined to container",TRUE,TRUE, ,TRUE,13,202000000000.000000000000000,FALSE,40.737530999999997,-89.636259999999993,1
185,2094,2017-7158,5/18/2017 0:00:00,17:32:17,1,0,"302 E THRUSH AVE  
peoria IL 61603
","118 - Trash or rubbish fire, contained",TRUE,TRUE, ,FALSE,10,202000000000.000000000000000,FALSE,40.714162999999999,-89.590990000000005,1
186,2094,2017-7102,5/17/2017 0:00:00,15:38:21,1,0,"2008 N PEORIA AVE  
Peoria IL 61601
",111 - Building fire,TRUE,TRUE, ,TRUE,10,202000000000.000000000000000,FALSE,40.711751999999997,-89.591076000000001,1
187,2094,2017-7088,5/17/2017 0:00:00,14:04:02,1,0,"700 E LASALLE ST  
Peoria IL 61603
","118 - Trash or rubbish fire, contained",TRUE,TRUE, ,FALSE,1,202000000000.000000000000000,FALSE,40.707374600000001,-89.586211700000007,1
188,2094,2017-7060,5/16/2017 0:00:00,18:36:15,1,0,"2601 W LAKE AVE  
peoria IL 61614
",111 - Building fire,TRUE,TRUE, ,FALSE,19,202000000000.000000000000000,FALSE,40.740673999999999,-89.634452999999993,1
189,2094,2017-6989,5/15/2017 0:00:00,10:47:49,1,0,"1025 N GLENWOOD AVE  
Peoria IL 61606
",111 - Building fire,TRUE,TRUE, ,FALSE,3,202000000000.000000000000000,FALSE,40.700940000000003,-89.617672999999996,1
190,2094,2017-6929,5/14/2017 0:00:00,12:01:14,1,0,"1427 E LONDON AVE  
Peoria IL 61601
",112 - Fires in structure other than in a building,TRUE,TRUE, ,TRUE,10,202000000000.000000000000000,FALSE,40.730218999999998,-89.571684000000005,1
191,2094,2017-6920,5/14/2017 0:00:00,4:51:36,1,0,"225 NE ADAMS ST  
Peoria IL 61605
","118 - Trash or rubbish fire, contained",TRUE,TRUE, ,TRUE,1,202000000000.000000000000000,FALSE,40.693410999999998,-89.587633999999994,1
192,2094,2017-6908,5/13/2017 0:00:00,22:24:42,1,0,"415 E ILLINOIS AVE  
peoria IL 61603
","113 - Cooking fire, confined to container",TRUE,TRUE, ,FALSE,3,202000000000.000000000000000,FALSE,40.706477000000000,-89.589151000000001,1
193,2094,2017-6901,5/13/2017 0:00:00,20:57:40,1,0,"5402 W HAYMEADOW LN  
Peoria IL 61615
","113 - Cooking fire, confined to container",TRUE,TRUE, ,TRUE,20,202000000000.000000000000000,FALSE,40.758046999999998,-89.677036999999999,1
194,2094,2017-6899,5/13/2017 0:00:00,20:45:01,1,0,"2900 NE ADAMS ST  
peoria IL 61614
vine","118 - Trash or rubbish fire, contained",TRUE,TRUE, ,TRUE,12,202000000000.000000000000000,FALSE,40.714956999999998,-89.560266999999996,1
195,2094,2017-6892,5/13/2017 0:00:00,18:48:25,1,0,"1400 N SHERIDAN RD  
peoria IL 61604
","118 - Trash or rubbish fire, contained",TRUE,TRUE, ,FALSE,3,202000000000.000000000000000,FALSE,40.704524999999997,-89.603594500000000,1
196,2094,2017-6783,5/11/2017 0:00:00,21:15:59,1,0,"432 S MAC ARTHUR HWY RD  
Peoria IL 61601
","113 - Cooking fire, confined to container",TRUE,TRUE, ,TRUE,4,202000000000.000000000000000,FALSE,40.683813999999998,-89.607136999999994,1
197,2094,2017-6774,5/11/2017 0:00:00,17:35:26,1,0,"3439 W RICHWOODS BLVD  
Peoria IL 61601
","113 - Cooking fire, confined to container",TRUE,TRUE, ,TRUE,13,202000000000.000000000000000,FALSE,40.728904999999997,-89.648251999999999,1
198,2094,2017-6740,5/11/2017 0:00:00,7:35:58,1,0,"2130 W MILLMAN ST  
Peoria IL 61601
",111 - Building fire,TRUE,TRUE, ,FALSE,4,202000000000.000000000000000,FALSE,40.682955000000000,-89.627600999999999,1
199,2094,2017-6717,5/10/2017 0:00:00,19:47:04,1,0,"6516 N UNIVERSITY ST  
Peoria IL 61615
","113 - Cooking fire, confined to container",TRUE,TRUE, ,TRUE,15,202000000000.000000000000000,FALSE,40.767814999999999,-89.610225999999997,1
200,2094,2017-6704,5/10/2017 0:00:00,16:18:59,1,0,"1323 W HANSSLER PL  
Peoria IL 61604
","118 - Trash or rubbish fire, contained",TRUE,TRUE, ,TRUE,13,202000000000.000000000000000,FALSE,40.720865000000003,-89.614063000000002,1
201,2094,2017-6689,5/10/2017 0:00:00,12:19:20,1,0,"606  EVANS ST  
Peoria IL 61603
",111 - Building fire,TRUE,TRUE, ,TRUE,10,202000000000.000000000000000,FALSE,40.702055999999999,-89.582293000000007,1
202,2094,2017-6635,5/9/2017 0:00:00,11:56:04,1,0,"1206 W WILLOW LN  
peoria IL 61614
","118 - Trash or rubbish fire, contained",TRUE,TRUE, ,TRUE,10,202000000000.000000000000000,FALSE,40.737482999999997,-89.611507000000003,1
203,2094,2017-6637,5/9/2017 0:00:00,11:47:15,1,0,"516 E MELBOURNE AVE  
peoria IL 61603
",111 - Building fire,TRUE,TRUE, ,TRUE,1,202000000000.000000000000000,FALSE,40.723722700000003,-89.587725100000000,1
204,2094,2017-6605,5/8/2017 0:00:00,20:44:13,1,0,"1314 E FAIROAKS AVE  
Peoria IL 61603
","118 - Trash or rubbish fire, contained",TRUE,TRUE, ,TRUE,11,202000000000.000000000000000,FALSE,40.727015000000002,-89.573338000000007,1
205,2094,2017-6593,5/8/2017 0:00:00,14:17:51,1,0,"211 W REPUBLIC ST  
Peoria IL 61601
",111 - Building fire,TRUE,TRUE, ,TRUE,10,202000000000.000000000000000,FALSE,40.713383000000000,-89.596367999999998,1
206,2094,2017-6471,5/5/2017 0:00:00,22:20:26,1,0,"2500 NE MADISON AVE  
Peoria IL 61601
","118 - Trash or rubbish fire, contained",TRUE,TRUE, ,TRUE,12,202000000000.000000000000000,FALSE,40.711764000000002,-89.563635000000005,1
207,2094,2017-6401,5/4/2017 0:00:00,16:14:47,1,0,"1010 S LOUISA ST  
peoria IL 61605
","113 - Cooking fire, confined to container",TRUE,TRUE, ,TRUE,4,202000000000.000000000000000,FALSE,40.677331199999998,-89.614763499999995,1
208,2094,2017-6336,5/3/2017 0:00:00,11:58:45,1,0,"406 E REPUBLIC ST  
peoria IL 61605
",111 - Building fire,TRUE,TRUE, ,FALSE,10,202000000000.000000000000000,FALSE,40.713096000000000,-89.589183000000006,1
209,2094,2017-6209,4/30/2017 0:00:00,13:33:53,1,0,"1825 N INDIANA AVE  
Peoria IL 61603
",111 - Building fire,TRUE,TRUE, ,TRUE,1,202000000000.000000000000000,FALSE,40.709550999999998,-89.586595000000003,1
210,2094,2017-6070,4/27/2017 0:00:00,23:21:35,1,0,"828 NE GLEN OAK AVE  
peoria IL 61602
","113 - Cooking fire, confined to container",TRUE,TRUE, ,TRUE,1,202000000000.000000000000000,FALSE,40.703530000000001,-89.587266000000000,1
211,2094,2017-6027,4/27/2017 0:00:00,3:56:12,1,0,"1212 W WEXFORD PL  
Peoria IL 61601
",111 - Building fire,TRUE,TRUE, ,TRUE,20,202000000000.000000000000000,FALSE,40.820155000000000,-89.609317000000004,1
212,2094,2017-5958,4/25/2017 0:00:00,16:29:55,1,0,"3525 N UNIVERSITY ST  
peoria IL 61614
",111 - Building fire,TRUE,TRUE, ,TRUE,11,202000000000.000000000000000,FALSE,40.730987399999997,-89.613883500000000,1
213,2094,2017-5923,4/25/2017 0:00:00,0:27:33,1,0,"1317 W HANSSLER PL  
Peoria IL 61604
",111 - Building fire,TRUE,TRUE, ,TRUE,11,202000000000.000000000000000,FALSE,40.720860999999999,-89.613792000000004,1
214,2094,2017-5836,4/23/2017 0:00:00,16:24:00,2,0,"2408 N WISCONSIN AVE  
Peoria IL 61601
","118 - Trash or rubbish fire, contained",TRUE,TRUE, ,TRUE,10,202000000000.000000000000000,FALSE,40.716957999999998,-89.583841000000007,1
215,2094,2017-5831,4/23/2017 0:00:00,14:37:38,1,0,"200  HANCOCK ST  
Peoria IL 61602
","118 - Trash or rubbish fire, contained",TRUE,TRUE, ,FALSE,8,202000000000.000000000000000,FALSE,40.693984899999997,-89.584477800000002,1
216,2094,2017-5797,4/22/2017 0:00:00,23:55:20,1,0,"5503 N JAMES RD  
Peoria IL 61601
",111 - Building fire,TRUE,TRUE, ,TRUE,13,202000000000.000000000000000,FALSE,40.754556999999998,-89.639757000000003,1
217,2094,2017-5765,4/22/2017 0:00:00,16:45:07,1,0,"2100 N WISCONSIN AVE  
Peoria IL 61601
","118 - Trash or rubbish fire, contained",TRUE,TRUE, ,TRUE,10,202000000000.000000000000000,FALSE,40.712330000000001,-89.582098999999999,1
218,2094,2017-5731,4/21/2017 0:00:00,21:07:03,1,0,"1812 N MISSOURI AVE  
Peoria IL 61605
","118 - Trash or rubbish fire, contained",TRUE,TRUE, ,TRUE,1,202000000000.000000000000000,FALSE,40.709091000000001,-89.589787999999999,1
219,2094,2017-5680,4/20/2017 0:00:00,20:16:11,1,0,"909 E RAVINE AVE  
Peoria IL 61601
","118 - Trash or rubbish fire, contained",TRUE,TRUE, ,TRUE,1,202000000000.000000000000000,FALSE,40.708764000000002,-89.582385000000002,1
220,2094,2017-5673,4/20/2017 0:00:00,15:43:06,1,0,"1417 W BUTLER ST  
Peoria IL 61601
","118 - Trash or rubbish fire, contained",TRUE,TRUE, ,TRUE,8,202000000000.000000000000000,FALSE,40.684057000000003,-89.615684000000002,1
221,2094,2017-5590,4/18/2017 0:00:00,19:45:30,1,0,"2719 W FREMONT ST  
peoria IL 61605
",111 - Building fire,TRUE,TRUE, ,TRUE,4,202000000000.000000000000000,FALSE,40.671647999999998,-89.636427999999995,1
222,2094,2017-5585,4/18/2017 0:00:00,18:12:52,1,0,"2415 W GARDEN ST  
peoria IL 61605
","113 - Cooking fire, confined to container",TRUE,TRUE, ,TRUE,4,202000000000.000000000000000,FALSE,40.676189000000001,-89.631718000000006,1
223,2094,2017-5566,4/18/2017 0:00:00,11:31:47,1,0,"600  HAUNGS AVE  
peoria IL 61614
","118 - Trash or rubbish fire, contained",TRUE,TRUE, ,TRUE,12,202000000000.000000000000000,FALSE,40.714297000000002,-89.563947999999996,1
224,2094,2017-5559,4/18/2017 0:00:00,9:03:56,1,0,"6210 W CLAIREMONT CT  
Peoria IL 61615
","114 - Chimney or flue fire, confined to chimney or flue",TRUE,TRUE, ,TRUE,16,202000000000.000000000000000,FALSE,40.776353999999998,-89.691152000000002,1
225,2094,2017-5531,4/17/2017 0:00:00,17:40:19,1,0,"419 E REPUBLIC ST  
Peoria IL 61604
","118 - Trash or rubbish fire, contained",TRUE,TRUE, ,TRUE,10,202000000000.000000000000000,FALSE,40.713706000000002,-89.588442000000001,1
226,2094,2017-5527,4/17/2017 0:00:00,15:54:26,1,0,"5400 N UNIVERSITY ST  
Peoria IL 61614
","118 - Trash or rubbish fire, contained",TRUE,TRUE, ,TRUE,15,202000000000.000000000000000,FALSE,40.752988999999999,-89.611480999999998,1
227,2094,2017-5522,4/17/2017 0:00:00,13:07:20,1,0,"1825 N INDIANA AVE  
Peoria IL 61601
",111 - Building fire,TRUE,TRUE, ,FALSE,1,202000000000.000000000000000,FALSE,40.709550999999998,-89.586595000000003,1
228,2094,2017-5492,4/16/2017 0:00:00,19:09:51,1,0,"828 N UNDERHILL ST  
Peoria IL 61601
","113 - Cooking fire, confined to container",TRUE,TRUE, ,TRUE,15,202000000000.000000000000000,FALSE,40.697628000000002,-89.611480999999998,1
229,2094,2017-5498,4/16/2017 0:00:00,18:35:07,1,0,"926  MAIN ST  
Peoria IL 61602
",111 - Building fire,TRUE,TRUE, ,FALSE,1,202000000000.000000000000000,FALSE,40.698635099999997,-89.596206600000002,1
230,2094,2017-5477,4/16/2017 0:00:00,14:01:17,1,0,"1603 W VIKING CT  
Peoria IL 61601
","118 - Trash or rubbish fire, contained",TRUE,TRUE, ,TRUE,15,202000000000.000000000000000,FALSE,40.781049000000003,-89.619136999999995,1
231,2094,2017-5354,4/14/2017 0:00:00,12:24:29,1,0,"508 W GIFT AVE  
Peoria IL 61601
",111 - Building fire,TRUE,TRUE, ,FALSE,3,202000000000.000000000000000,FALSE,40.719267000000002,-89.600723000000002,1
232,2094,2017-5326,4/13/2017 0:00:00,19:06:02,1,0,"1505 N PEORIA AVE  # 208
peoria IL 61603
","113 - Cooking fire, confined to container",TRUE,TRUE, ,TRUE,3,202000000000.000000000000000,FALSE,40.705460000000002,-89.592203999999995,1
233,2094,2017-5236,4/12/2017 0:00:00,7:01:26,1,0,"1415 NE PERRY AVE  
peoria IL 61602
",111 - Building fire,TRUE,TRUE, ,TRUE,1,202000000000.000000000000000,FALSE,40.706356000000000,-89.577415000000002,1
234,2094,2017-5228,4/11/2017 0:00:00,22:29:21,1,0,"2428 W Marquette AVE  
Peoria IL 61605
","118 - Trash or rubbish fire, contained",TRUE,TRUE, ,TRUE,4,202000000000.000000000000000,FALSE,40.676585000000003,-89.632542999999998,1
235,2094,2017-5153,4/10/2017 0:00:00,12:21:43,1,0,"901 W LAKE AVE  
Peoria IL 61604
","118 - Trash or rubbish fire, contained",TRUE,TRUE, ,FALSE,11,202000000000.000000000000000,FALSE,40.741386900000002,-89.606935500000006,1
236,2094,2017-5044,4/8/2017 0:00:00,19:26:20,1,0,"3000 N ATLANTIC ST  
Peoria IL 61603
1200 E Maywood Ave","118 - Trash or rubbish fire, contained",TRUE,TRUE, ,FALSE,10,202000000000.000000000000000,FALSE,40.724717300000002,-89.577442300000001,1
237,2094,2017-5025,4/8/2017 0:00:00,13:23:29,1,0,"3302 N SHERIDAN RD  
Peoria IL 61601
","118 - Trash or rubbish fire, contained",TRUE,TRUE, ,TRUE,11,202000000000.000000000000000,FALSE,40.727718000000003,-89.602851999999999,1
238,2094,2017-4948,4/6/2017 0:00:00,16:33:21,1,0,"1600 W BLUE SAGE DR  # 3216
Peoria IL 61615
",111 - Building fire,TRUE,TRUE, ,TRUE,20,202000000000.000000000000000,FALSE,40.807442000000002,-89.618031000000002,1
239,2094,2017-4944,4/6/2017 0:00:00,15:46:58,1,0,"1700 W BLUEBONNET DR  
Peoria IL 61614
","113 - Cooking fire, confined to container",TRUE,TRUE, ,TRUE,20,202000000000.000000000000000,FALSE,40.805497699999997,-89.620406200000005,1
240,2094,2017-4907,4/5/2017 0:00:00,18:56:46,1,0,"1512 W AIKEN AVE  
Peoria IL 61601
",111 - Building fire,TRUE,TRUE, ,FALSE,3,202000000000.000000000000000,FALSE,40.688381000000000,-89.616439000000000,1
241,2094,2017-4871,4/4/2017 0:00:00,20:16:33,1,0,"1200 E MC CLURE AVE  
Peoria IL 61601
",111 - Building fire,TRUE,TRUE, ,TRUE,10,202000000000.000000000000000,FALSE,40.717230000000001,-89.578339000000000,1
242,2094,2017-4755,4/2/2017 0:00:00,19:36:24,1,0,"3317 N PEORIA AVE  
peoria IL 61604
","118 - Trash or rubbish fire, contained",TRUE,TRUE, ,TRUE,10,202000000000.000000000000000,FALSE,40.727967000000000,-89.591662999999997,1
243,2094,2017-4746,4/2/2017 0:00:00,15:08:55,1,0,"6208 N IMPERIAL DR  
Peoria IL 61601
N Fairlane Dr","118 - Trash or rubbish fire, contained",TRUE,TRUE, ,TRUE,16,202000000000.000000000000000,FALSE,40.763109499999999,-89.622024800000005,1
244,2094,2017-4648,3/31/2017 0:00:00,23:22:47,1,0,"806 E MC CLURE AVE  
peoria IL 61604
",111 - Building fire,TRUE,TRUE, ,TRUE,3,202000000000.000000000000000,FALSE,40.717340000000000,-89.583645000000004,1
245,2094,2017-4644,3/31/2017 0:00:00,21:01:54,1,0,"515 W HILLYER PL  
peoria IL 61602
",111 - Building fire,TRUE,TRUE, ,FALSE,1,202000000000.000000000000000,FALSE,40.695598500000003,-89.602339099999995,1
246,2094,2017-4627,3/31/2017 0:00:00,13:18:50,1,0,"908 W THIRD AVE  
peoria IL 61605
",111 - Building fire,TRUE,TRUE, ,FALSE,1,202000000000.000000000000000,FALSE,40.691168699999999,-89.608370100000002,1
247,2094,2017-4376,3/26/2017 0:00:00,14:00:12,1,0,"3119 N INDIANA AVE  
Peoria IL 61601
",111 - Building fire,TRUE,TRUE, ,FALSE,10,202000000000.000000000000000,FALSE,40.725580999999998,-89.586749999999995,1
248,2094,2017-4202,3/23/2017 0:00:00,6:03:10,1,0,"4103 N HAWTHORNE PL  
peoria IL 61614
",111 - Building fire,TRUE,TRUE, ,TRUE,11,202000000000.000000000000000,FALSE,40.737192999999998,-89.598079999999996,1
249,2094,2017-4197,3/23/2017 0:00:00,2:10:07,1,0,"1514 W HICKORY GROVE RD  
Peoria IL 61615
","118 - Trash or rubbish fire, contained",TRUE,TRUE, ,TRUE,20,202000000000.000000000000000,FALSE,40.827151000000001,-89.615571000000003,1
250,2094,2017-4047,3/19/2017 0:00:00,17:04:17,1,0,"2605 W MONTANA ST  
Peoria IL 61605
",111 - Building fire,TRUE,TRUE, ,FALSE,1,202000000000.000000000000000,FALSE,40.663191400000002,-89.634957900000003,1
251,2094,2017-4023,3/19/2017 0:00:00,7:21:14,1,0,"308 S STERLING AVE  
Peoria IL 61605
",111 - Building fire,TRUE,TRUE, ,TRUE,4,202000000000.000000000000000,FALSE,40.685434000000001,-89.632596000000007,1
252,2094,2017-4010,3/18/2017 0:00:00,21:04:30,1,0,"915 W BRONS AVE  
Peoria IL 61606
",112 - Fires in structure other than in a building,TRUE,TRUE, ,TRUE,3,202000000000.000000000000000,FALSE,40.714432000000002,-89.607562999999999,1
253,2094,2017-3925,3/17/2017 0:00:00,1:01:28,1,0,"2704 N CALIFORNIA AVE  
peoria IL 61603
",111 - Building fire,TRUE,TRUE, ,FALSE,10,202000000000.000000000000000,FALSE,40.720572599999997,-89.588641600000003,1
254,2094,2017-3902,3/16/2017 0:00:00,16:27:16,1,0,"300 S KERSEE ST  
peoria IL 61605
","118 - Trash or rubbish fire, contained",TRUE,TRUE, ,TRUE,8,202000000000.000000000000000,FALSE,40.685512899999999,-89.606919300000001,1
255,2094,2017-3872,3/15/2017 0:00:00,23:15:04,1,0,"3514 W PEMFORD CT  
Peoria IL 61601
3615 N Marbleway",111 - Building fire,TRUE,TRUE, ,TRUE,11,202000000000.000000000000000,FALSE,40.731712999999999,-89.649570999999995,1
256,2094,2017-3806,3/14/2017 0:00:00,18:41:00,1,0,"6230 N TALISMAN TERRACE ST  
Peoria IL 61601
","118 - Trash or rubbish fire, contained",TRUE,TRUE, ,TRUE,19,202000000000.000000000000000,FALSE,40.764664000000003,-89.666381000000001,1
257,2094,2017-3793,3/14/2017 0:00:00,12:48:36,1,0,"0  MUTUAL AID-CITY ST  
Norwood IL 61604
North Moody Ct.",111 - Building fire,TRUE,TRUE, ,FALSE,1,202000000000.000000000000000,FALSE,0.000000000000000,0.000000000000000,1
258,2094,2017-3703,3/12/2017 0:00:00,17:29:45,1,0,"7150 N TERRA VISTA DR  
Peoria IL 61601
",111 - Building fire,TRUE,TRUE, ,TRUE,16,202000000000.000000000000000,FALSE,40.774889000000002,-89.628620999999995,1
259,2094,2017-3697,3/12/2017 0:00:00,14:52:10,1,0,"2521 W WAR MEMORIAL DR  
Peoria IL 61601
","118 - Trash or rubbish fire, contained",TRUE,TRUE, ,TRUE,13,202000000000.000000000000000,FALSE,40.748375000000003,-89.631642999999997,1
260,2094,2017-3689,3/12/2017 0:00:00,12:55:04,1,0,"3415 N ROCHELLE LN  
Peoria IL 61601
","113 - Cooking fire, confined to container",TRUE,TRUE, ,TRUE,3,202000000000.000000000000000,FALSE,40.729475999999998,-89.643951999999999,1
261,2094,2017-3616,3/10/2017 0:00:00,21:38:21,1,0,"308 S STERLING AVE  
peoria IL 61603
","113 - Cooking fire, confined to container",TRUE,TRUE, ,TRUE,4,202000000000.000000000000000,FALSE,40.685434000000001,-89.632596000000007,1
262,2094,2017-3555,3/9/2017 0:00:00,17:27:30,1,0,"1800 S KNEER AVE  
peoria IL 61605
Grinnell st.","118 - Trash or rubbish fire, contained",TRUE,TRUE, ,TRUE,4,202000000000.000000000000000,FALSE,40.668716699999997,-89.641176299999998,1
263,2094,2017-3462,3/8/2017 0:00:00,8:23:43,1,0,"717 W ARMSTRONG AVE  
peoria IL 61603
",111 - Building fire,TRUE,TRUE, ,TRUE,16,202000000000.000000000000000,FALSE,40.704787000000003,-89.604470000000006,1
264,2094,2017-3467,3/8/2017 0:00:00,8:13:10,1,0,"1402 N BROADWAY ST  
Peoria IL 61601
",111 - Building fire,TRUE,TRUE, ,FALSE,3,202000000000.000000000000000,FALSE,40.704937000000001,-89.606836999999999,1
265,2094,2017-3459,3/8/2017 0:00:00,7:46:12,1,0,"616 W WILLCOX AVE  
Peoria IL 61601
","118 - Trash or rubbish fire, contained",TRUE,TRUE, ,TRUE,10,202000000000.000000000000000,FALSE,40.721100000000000,-89.602920999999995,1
266,2094,2017-3430,3/7/2017 0:00:00,16:44:52,1,0,"311 S STEUBENVILLE ST  
peoria IL 61603
",111 - Building fire,TRUE,TRUE, ,FALSE,8,202000000000.000000000000000,FALSE,40.685361800000003,-89.613642900000002,1
267,2094,2017-3403,3/6/2017 0:00:00,22:01:53,1,0,"3453 W SUNBURST LN  # 3D
Peoria IL 61601
",111 - Building fire,TRUE,TRUE, ,TRUE,13,202000000000.000000000000000,FALSE,40.718192999999999,-89.645595000000000,1
268,2094,2017-3379,3/6/2017 0:00:00,11:24:14,1,0,"5704 N WESTERN AVE  
Peoria IL 61601
",111 - Building fire,TRUE,TRUE, ,FALSE,13,202000000000.000000000000000,FALSE,40.756551000000002,-89.620986000000002,1
269,2094,2017-3254,3/3/2017 0:00:00,16:46:11,1,0,"201 S STEUBENVILLE ST  
Peoria IL 61605
1300 W Smith","118 - Trash or rubbish fire, contained",TRUE,TRUE, ,TRUE,8,202000000000.000000000000000,FALSE,40.686807000000002,-89.613427999999999,1
270,2094,2017-3208,3/2/2017 0:00:00,15:25:00,2,0,"2804 W MONTANA ST  
peoria IL 61605
",111 - Building fire,TRUE,TRUE, ,TRUE,4,202000000000.000000000000000,FALSE,40.662982000000000,-89.637906000000001,1
271,2094,2017-3165,3/1/2017 0:00:00,17:33:59,1,0,"3401 W OAKCREST DR  # 3A
Peoria IL 61604
","113 - Cooking fire, confined to container",TRUE,TRUE, ,TRUE,13,202000000000.000000000000000,FALSE,40.719071000000000,-89.646776000000003,1
272,2094,2017-3015,2/26/2017 0:00:00,20:08:07,1,0,"2509 NE MADISON AVE  
peoria IL 61603
",111 - Building fire,TRUE,TRUE, ,FALSE,12,202000000000.000000000000000,FALSE,40.712297000000000,-89.564087999999998,1
273,2094,2017-2935,2/25/2017 0:00:00,8:20:30,1,0,"3311 N STERLING AVE  
Peoria IL 61601
2600 W. Forest Hill",111 - Building fire,TRUE,TRUE, ,TRUE,13,202000000000.000000000000000,FALSE,40.727851000000001,-89.633816999999993,1
274,2094,2017-2834,2/23/2017 0:00:00,5:33:51,1,0,"2401 N GALE AVE  
peoria IL 61602
","113 - Cooking fire, confined to container",TRUE,TRUE, ,TRUE,3,202000000000.000000000000000,FALSE,40.716304999999998,-89.618058000000005,1
275,2094,2017-2574,2/18/2017 0:00:00,13:59:53,1,0,"1111 E NEBRASKA AVE  
Peoria IL 61603
","118 - Trash or rubbish fire, contained",TRUE,TRUE, ,FALSE,1,202000000000.000000000000000,FALSE,40.710597999999997,-89.579003999999998,1
276,2094,2017-2556,2/18/2017 0:00:00,2:15:17,1,0,"2125 W GARDEN ST  
Peoria IL 61605
","118 - Trash or rubbish fire, contained",TRUE,TRUE, ,TRUE,4,202000000000.000000000000000,FALSE,40.676169999999999,-89.627525000000006,1
277,2094,2017-2529,2/17/2017 0:00:00,15:32:25,1,0,"217  VAN BUREN ST  
peoria IL 61603
","113 - Cooking fire, confined to container",TRUE,TRUE, ,FALSE,12,202000000000.000000000000000,FALSE,40.709780000000002,-89.567654000000005,1
278,2094,2017-2499,2/17/2017 0:00:00,1:46:20,1,0,"601 NE WASHINGTON ST  
Peoria IL 61601
",111 - Building fire,TRUE,TRUE, ,TRUE,1,202000000000.000000000000000,FALSE,40.694887000000001,-89.583093000000005,1
279,2094,2017-2251,2/12/2017 0:00:00,18:41:36,1,0,"2127 W MARQUETTE AVE  
peoria IL 61605
","113 - Cooking fire, confined to container",TRUE,TRUE, ,TRUE,4,202000000000.000000000000000,FALSE,40.676980999999998,-89.627668000000000,1
280,2094,2017-2240,2/12/2017 0:00:00,15:21:21,1,0,"917 W THIRD AVE  
Peoria IL 61605
","113 - Cooking fire, confined to container",TRUE,TRUE, ,FALSE,8,202000000000.000000000000000,FALSE,40.691552000000001,-89.608587999999997,1
281,2094,2017-2238,2/12/2017 0:00:00,15:08:14,1,0,"601 W RB GARRETT AVE  
Peoria IL 61601
","113 - Cooking fire, confined to container",TRUE,TRUE, ,FALSE,8,202000000000.000000000000000,FALSE,40.694369999999999,-89.601945999999998,1
282,2094,2017-2210,2/11/2017 0:00:00,20:31:11,2,0,"2318 N BIGELOW ST  
Peoria IL 61601
",111 - Building fire,TRUE,TRUE, ,FALSE,10,202000000000.000000000000000,FALSE,40.716061000000003,-89.596574000000004,1
283,2094,2017-2133,2/10/2017 0:00:00,16:58:01,1,0,"2019 N BIGELOW ST  
Peoria IL 61601
400 W Nebraska Av","113 - Cooking fire, confined to container",TRUE,TRUE, ,TRUE,3,202000000000.000000000000000,FALSE,40.712226000000001,-89.597397000000001,1
284,2094,2017-2103,2/9/2017 0:00:00,23:38:25,1,0,"308 S STERLING AVE  
Peoria IL 61601
",111 - Building fire,TRUE,TRUE, ,TRUE,4,202000000000.000000000000000,FALSE,40.685433699999997,-89.632595499999994,1
285,2094,2017-2090,2/9/2017 0:00:00,18:59:23,1,0,"6610 N GREENMONT RD  
Peoria IL 61601
","113 - Cooking fire, confined to container",TRUE,TRUE, ,TRUE,16,202000000000.000000000000000,FALSE,40.768453999999998,-89.633253999999994,1
286,2094,2017-1977,2/7/2017 0:00:00,18:12:21,1,0,"3439 W FALLEN OAK LN  
Peoria IL 61601
","113 - Cooking fire, confined to container",TRUE,TRUE, ,TRUE,3,202000000000.000000000000000,FALSE,40.718865999999998,-89.646366000000000,1
287,2094,2017-1854,2/5/2017 0:00:00,11:01:19,1,0,"134 W HANSSLER PL  
Peoria IL 61604
",111 - Building fire,TRUE,TRUE, ,FALSE,10,202000000000.000000000000000,FALSE,40.720166999999996,-89.595150000000004,1
288,2094,2017-1848,2/5/2017 0:00:00,8:43:00,1,0,"927 W LOUCKS AVE  
Peoria IL 61604
",111 - Building fire,TRUE,TRUE, ,TRUE,11,202000000000.000000000000000,FALSE,40.722610000000003,-89.607609999999994,1
289,2094,2017-1567,1/30/2017 0:00:00,14:04:50,1,0,"2326 N CENTRAL AVE  
peoria IL 61604
","113 - Cooking fire, confined to container",TRUE,TRUE, ,TRUE,10,202000000000.000000000000000,FALSE,40.716327000000000,-89.579515000000001,1
290,2094,2017-1478,1/28/2017 0:00:00,17:01:28,1,0,"1304 E HILLSIDE DR  
Peoria IL 61603
","113 - Cooking fire, confined to container",TRUE,TRUE, ,FALSE,12,202000000000.000000000000000,FALSE,40.704457200000000,-89.630021700000000,1
291,2094,2017-1216,1/24/2017 0:00:00,1:10:27,1,0,"617 W WILLCOX AVE  
Peoria IL 61601
",111 - Building fire,TRUE,TRUE, ,FALSE,11,202000000000.000000000000000,FALSE,40.721622000000004,-89.602794000000003,1
292,2094,2017-950,1/19/2017 0:00:00,5:36:59,1,0,"2132 N BOURLAND AVE  
peoria IL 61603
",111 - Building fire,TRUE,TRUE, ,FALSE,3,202000000000.000000000000000,FALSE,40.713557999999999,-89.609125000000006,1
293,2094,2017-885,1/17/2017 0:00:00,15:21:20,1,0,"2722 W TREWYN AVE  # 171
Peoria IL 61601
",111 - Building fire,TRUE,TRUE, ,FALSE,4,202000000000.000000000000000,FALSE,40.664310999999998,-89.636634999999998,1
294,2094,2017-870,1/17/2017 0:00:00,10:58:45,1,0,"1318 E FRYE AVE  
Peoria IL 61601
","113 - Cooking fire, confined to container",TRUE,TRUE, ,TRUE,10,202000000000.000000000000000,FALSE,40.712066000000000,-89.576290000000000,1
295,2094,2017-869,1/17/2017 0:00:00,9:27:35,1,0,"1811 N MISSOURI AVE  
Peoria IL 61601
",111 - Building fire,TRUE,TRUE, ,FALSE,1,202000000000.000000000000000,FALSE,40.709018000000000,-89.590540000000004,1
296,2094,2017-829,1/16/2017 0:00:00,13:46:59,1,0,"4505 NE SCENIC DR  
Peoria City (Township of) IL 61615
","113 - Cooking fire, confined to container",TRUE,TRUE, ,TRUE,13,202000000000.000000000000000,FALSE,40.742404999999998,-89.643438000000003,1
297,2094,2017-769,1/15/2017 0:00:00,12:02:31,1,0,"2807 W WISWALL ST  
pe616oria IL 61605
","113 - Cooking fire, confined to container",TRUE,TRUE, ,TRUE,8,202000000000.000000000000000,FALSE,40.681032000000002,-89.637345999999994,1
298,2094,2017-727,1/14/2017 0:00:00,16:35:08,1,0,"7015 N KNOXVILLE AVE  
Peoria IL 61601
teton",111 - Building fire,TRUE,TRUE, ,TRUE,16,202000000000.000000000000000,FALSE,40.773375999999999,-89.602941000000001,1
299,2094,2017-674,1/13/2017 0:00:00,17:32:17,1,0,"3415 N ROCHELLE LN  
peoria IL 61614
",111 - Building fire,TRUE,TRUE, ,TRUE,13,202000000000.000000000000000,FALSE,40.729475999999998,-89.643951999999999,1
300,2094,2017-570,1/11/2017 0:00:00,20:56:49,1,0,"2601 W RESERVOIR BLVD  
Peoria IL 61601
","113 - Cooking fire, confined to container",TRUE,TRUE, ,TRUE,13,202000000000.000000000000000,FALSE,40.732986599999997,-89.634104800000003,1
301,2094,2017-564,1/11/2017 0:00:00,17:45:55,1,0,"2512 W FREMONT ST  
Peoria IL 61601
",111 - Building fire,TRUE,TRUE, ,FALSE,4,202000000000.000000000000000,FALSE,40.671131000000003,-89.633679000000001,1
302,2094,2017-532,1/11/2017 0:00:00,6:20:37,1,0,"2401 N GALE AVE  
Peoria IL 61601
","113 - Cooking fire, confined to container",TRUE,TRUE, ,TRUE,3,202000000000.000000000000000,FALSE,40.716304999999998,-89.618058000000005,1
303,2094,2017-440,1/9/2017 0:00:00,15:33:20,1,0,"2604 W KRAUSE AVE  
Peoria IL 61605
","113 - Cooking fire, confined to container",TRUE,TRUE, ,TRUE,4,202000000000.000000000000000,FALSE,40.666831000000002,-89.636043000000001,1
304,2094,2017-409,1/8/2017 0:00:00,22:28:04,1,0,"331  FULTON ST  
Peoria IL 61601
","118 - Trash or rubbish fire, contained",TRUE,TRUE, ,TRUE,1,202000000000.000000000000000,FALSE,40.691575000000000,-89.591925000000003,1
305,2094,2017-406,1/8/2017 0:00:00,22:13:59,1,0,"104  VAN BUREN ST  
Peoria IL 61603
","118 - Trash or rubbish fire, contained",TRUE,TRUE, ,FALSE,12,202000000000.000000000000000,FALSE,40.709083600000000,-89.566103799999993,1
306,2094,2017-357,1/7/2017 0:00:00,18:28:29,1,0,"2607 W MARIAN CT  
Peoria IL 61615
","113 - Cooking fire, confined to container",TRUE,TRUE, ,TRUE,16,202000000000.000000000000000,FALSE,40.752203999999999,-89.633425000000003,1
307,2094,2017-318,1/6/2017 0:00:00,22:16:47,1,0,"1101 W HANSSLER PL  
Peoria IL 61601
2700 n isabell","118 - Trash or rubbish fire, contained",TRUE,TRUE, ,TRUE,3,202000000000.000000000000000,FALSE,40.720796999999997,-89.609716000000006,1
308,2094,2017-279,1/6/2017 0:00:00,10:22:33,1,0,"1402 N BROADWAY ST  
Peoria IL 61604
",111 - Building fire,TRUE,TRUE, ,FALSE,3,202000000000.000000000000000,FALSE,40.704937000000001,-89.606836999999999,1
309,2094,2017-276,1/6/2017 0:00:00,9:01:35,1,0,"706 S WARREN ST  
peoria IL 61605
",111 - Building fire,TRUE,TRUE, ,FALSE,4,202000000000.000000000000000,FALSE,40.680936000000003,-89.618004999999997,1
310,2094,2017-193,1/4/2017 0:00:00,18:14:48,1,0,"820 W BRONS AVE  
peoria IL 61603
",111 - Building fire,TRUE,TRUE, ,TRUE,13,202000000000.000000000000000,FALSE,40.713952900000002,-89.606103000000004,1
311,2094,2017-186,1/4/2017 0:00:00,17:14:27,1,0,"7307 N WILLOWLAKE CT  
peoria IL 61615
willowknolls","118 - Trash or rubbish fire, contained",TRUE,TRUE, ,TRUE,16,202000000000.000000000000000,FALSE,40.776840999999997,-89.637693999999996,1
312,2094,2017-64,1/1/2017 0:00:00,22:02:11,1,0,"1905 NE JEFFERSON AVE  
peoria IL 61603
",111 - Building fire,TRUE,TRUE, ,FALSE,1,202000000000.000000000000000,FALSE,40.706809999999997,-89.569188999999994,1
313,2094,2017-52,1/1/2017 0:00:00,17:29:22,1,0,"1808 W CHERRY BUD DR  
Peoria IL 61601
",111 - Building fire,TRUE,TRUE, ,TRUE,15,202000000000.000000000000000,FALSE,40.808185000000002,-89.618063000000006,1
314,2094,2017-24,1/1/2017 0:00:00,10:59:03,1,0,"3417 W BASKIN RIDGE ST  # 1
Peoria IL 61601
",111 - Building fire,TRUE,TRUE, ,TRUE,3,202000000000.000000000000000,FALSE,40.726120999999999,-89.648351000000005,1