FID,FID_1,FID_1_1,DISTRICTID,NAME,AGENCY,AGENCYURL,CONTACT,PHONE,EMAIL,SUBTYPEFIE,LASTUPDATE,LASTEDITOR,created_us,created_da,last_edite,last_edi_1,SHAPE_Leng,SHAPE_Area,Count_,Sum_Zip,Sum_Buildi,Sum_Number,Sum_Width,Sum_Length,Sum_Square,Sum_Numb_1,Sum_Occupa,Sum_Latitu,Sum_YearBu,Sum_Longit,Sum_Assess,Sum_Statio,Count_1,Sum_totalR,Sum_Exposu,Sum_Patien,Sum_RunNum,Sum_Lati_1,Sum_Long_1
0,0,0,407,Fire Station 4,City of Peoria,http://www.peoriagov.org/fire-department/, , , ,1,10/4/2016 0:00:00,COP\jbiller,GISDATA,1/5/2017 0:00:00,GISDATA,1/5/2017 0:00:00,13948.853133299999000,9451700.775510000100000,4,246420,30.000000000000000,2,135,190,13150,2,42,162.649714399999990,2011,-358.525818800000020,0,4,0,0,0,0,0.000000000000000,0.000000000000000,0.000000000000000
1,1,1,402,Fire Station 4,City of Peoria,http://www.peoriagov.org/fire-department/, , , ,1,10/4/2016 0:00:00,COP\jbiller,GISDATA,1/5/2017 0:00:00,GISDATA,1/5/2017 0:00:00,11423.452707700000000,7077710.899829999500000,11,677655,90.000000000000000,8,133,193,66258,1,9,447.314417699999980,2007,-985.980989400000000,0,30,7,14658,8,0,1414000000000.000000000000000,284.650599399999980,-627.457637900000010
2,2,2,408,Fire Station 4,City of Peoria,http://www.peoriagov.org/fire-department/, , , ,1,10/4/2016 0:00:00,COP\jbiller,GISDATA,1/5/2017 0:00:00,GISDATA,1/5/2017 0:00:00,11432.675962100000000,4652844.171500000200000,13,800862,108.000000000000000,8,400,720,47100,2,4,528.645175600000020,0,-1165.193328200000000,0,21,2,4188,3,0,404000000000.000000000000000,81.339429999999993,-179.260798999999990
3,3,3,403,Fire Station 4,City of Peoria,http://www.peoriagov.org/fire-department/, , , ,1,10/4/2016 0:00:00,COP\jbiller,GISDATA,1/5/2017 0:00:00,GISDATA,1/5/2017 0:00:00,10498.935429499999000,4940482.137960000000000,3,184815,0.000000000000000,2,0,0,133500,0,285,122.014515500000000,1949,-268.913048500000000,0,4,4,8376,4,0,808000000000.000000000000000,162.686913699999990,-358.552500300000020
4,4,4,412,Fire Station 4,City of Peoria,http://www.peoriagov.org/fire-department/, , , ,1,10/4/2016 0:00:00,COP\jbiller,GISDATA,1/5/2017 0:00:00,GISDATA,1/5/2017 0:00:00,13368.408265700000000,7533593.881210000300000,6,369626,30.000000000000000,1,144,243,34992,0,0,244.006221700000000,0,-537.731992600000010,0,16,0,0,0,0,0.000000000000000,0.000000000000000,0.000000000000000
5,5,5,409,Fire Station 4,City of Peoria,http://www.peoriagov.org/fire-department/, , , ,1,10/4/2016 0:00:00,COP\jbiller,GISDATA,1/5/2017 0:00:00,GISDATA,1/5/2017 0:00:00,12038.436139500000000,7432028.337209999600000,6,369630,20.000000000000000,3,0,0,90575,0,182,244.043941999999990,3917,-537.776892600000000,0,16,13,27222,14,0,2626000000000.000000000000000,528.762461199999960,-1165.230654600000000
6,6,6,413,Fire Station 4,City of Peoria,http://www.peoriagov.org/fire-department/, , , ,1,10/4/2016 0:00:00,COP\jbiller,GISDATA,1/5/2017 0:00:00,GISDATA,1/5/2017 0:00:00,15053.423575999999000,7091066.460339999800000,23,1416906,110.000000000000000,12,275,320,124800,1,228,935.477953100000040,0,-2061.249648500000100,0,67,5,10470,5,0,1010000000000.000000000000000,203.382386800000010,-448.096417799999980
7,7,7,404,Fire Station 4,City of Peoria,http://www.peoriagov.org/fire-department/, , , ,1,10/4/2016 0:00:00,COP\jbiller,GISDATA,1/5/2017 0:00:00,GISDATA,1/5/2017 0:00:00,10770.644566499999000,4138264.434690000000000,2,123210,37.000000000000000,2,140,280,23200,1,0,81.352554600000005,0,-179.277788800000000,0,8,3,6282,3,0,606000000000.000000000000000,122.033414200000000,-268.924086699999980
8,8,8,414,Fire Station 4,City of Peoria,http://www.peoriagov.org/fire-department/, , , ,1,10/4/2016 0:00:00,COP\jbiller,GISDATA,1/5/2017 0:00:00,GISDATA,1/5/2017 0:00:00,15036.840245699999000,5069701.244529999800000,19,1170492,123.000000000000000,17,340,415,91615,40,241,772.858846399999950,0,-1702.658528600000000,0,56,4,8376,4,0,808000000000.000000000000000,162.715692499999990,-358.468935499999990
9,9,9,410,Fire Station 4,City of Peoria,http://www.peoriagov.org/fire-department/, , , ,1,10/4/2016 0:00:00,COP\jbiller,GISDATA,1/5/2017 0:00:00,GISDATA,1/5/2017 0:00:00,13877.489990000000000,8864328.512520000300000,17,1047285,77.000000000000000,13,100,100,137600,43,101,691.593618500000050,3807,-1523.619933600000000,0,40,12,25128,12,0,2424000000000.000000000000000,488.187440999999980,-1075.529199900000100
10,10,10,405,Fire Station 4,City of Peoria,http://www.peoriagov.org/fire-department/, , , ,1,10/4/2016 0:00:00,COP\jbiller,GISDATA,1/5/2017 0:00:00,GISDATA,1/5/2017 0:00:00,10931.255226600000000,4653739.400360000300000,4,246419,0.000000000000000,5,0,0,283300,0,1008,162.725889000000000,3929,-358.551656600000000,0,8,1,2094,1,0,202000000000.000000000000000,40.681032000000002,-89.637345999999994
11,11,11,415,Fire Station 4,City of Peoria,http://www.peoriagov.org/fire-department/, , , ,1,10/4/2016 0:00:00,COP\jbiller,GISDATA,1/5/2017 0:00:00,GISDATA,1/5/2017 0:00:00,14494.280910199999000,4444642.638030000000000,6,369630,0.000000000000000,5,100,70,32000,0,125,244.102978200000000,1898,-537.713851399999950,0,24,9,18846,9,0,1616000000000.000000000000000,366.157919800000000,-806.572280800000040
12,12,12,208,Fire Station 2,City of Peoria,http://www.peoriagov.org/fire-department/, , , ,1,10/4/2016 0:00:00,COP\jbiller,GISDATA,1/5/2017 0:00:00,GISDATA,1/5/2017 0:00:00,13890.275350899999000,5472377.478199999800000,7,431235,0.000000000000000,11,350,500,272700,1,1304,284.793220099999980,3845,-627.279171499999960,0,20,5,10470,5,0,1010000000000.000000000000000,203.432087800000010,-448.069441600000000
13,13,13,406,Fire Station 4,City of Peoria,http://www.peoriagov.org/fire-department/, , , ,1,10/4/2016 0:00:00,COP\jbiller,GISDATA,1/5/2017 0:00:00,GISDATA,1/5/2017 0:00:00,17130.602090400000000,8612403.844440000100000,0,0,0.000000000000000,0,0,0,0,0,0,0.000000000000000,0,0.000000000000000,0,0,0,0,0,0,0.000000000000000,0.000000000000000,0.000000000000000
14,14,14,417,Fire Station 4,City of Peoria,http://www.peoriagov.org/fire-department/, , , ,1,10/4/2016 0:00:00,COP\jbiller,GISDATA,1/5/2017 0:00:00,GISDATA,1/5/2017 0:00:00,5902.431007260000100,1207893.332920000000000,2,123212,0.000000000000000,2,0,0,12400,2,10,81.385064600000007,0,-179.244854000000000,0,6,0,0,0,0,0.000000000000000,0.000000000000000,0.000000000000000
15,15,15,101,Fire Central,City of Peoria,http://www.peoriagov.org/fire-department/, , , ,1,10/4/2016 0:00:00,COP\jbiller,GISDATA,1/5/2017 0:00:00,GISDATA,1/5/2017 0:00:00,5213.222518870000400,1508341.327800000100000,14,862435,132.000000000000000,14,339,617,115820,7,38,569.628346800000030,13384,-1254.296483300000100,2488650,56,0,0,0,0,0.000000000000000,0.000000000000000,0.000000000000000
16,16,16,107,Fire Central,City of Peoria,http://www.peoriagov.org/fire-department/, , , ,1,10/4/2016 0:00:00,COP\jbiller,GISDATA,1/5/2017 0:00:00,GISDATA,1/5/2017 0:00:00,10982.852500999999000,4322700.931819999600000,20,1232062,75.000000000000000,26,436,500,213108,0,225,813.909005900000010,0,-1791.696918899999900,0,26,3,6282,3,0,606000000000.000000000000000,122.089039900000000,-268.754789800000030
17,17,17,103,Fire Central,City of Peoria,http://www.peoriagov.org/fire-department/, , , ,1,10/4/2016 0:00:00,COP\jbiller,GISDATA,1/5/2017 0:00:00,GISDATA,1/5/2017 0:00:00,10697.584632800001000,3913951.586670000100000,14,862443,103.000000000000000,23,175,450,374685,105,130,569.734217100000020,4002,-1254.344199100000000,0,31,2,4188,2,0,404000000000.000000000000000,81.391491500000001,-179.204018100000010
18,18,18,105,Fire Central,City of Peoria,http://www.peoriagov.org/fire-department/, , , ,1,10/4/2016 0:00:00,COP\jbiller,GISDATA,1/5/2017 0:00:00,GISDATA,1/5/2017 0:00:00,9739.556147069999500,2972967.652180000200000,27,1663541,72.000000000000000,40,270,310,931952,1,234,1098.862361100000000,1954,-2419.057946400000200,0,25,3,6282,3,0,606000000000.000000000000000,122.093554299999990,-268.783539400000000
19,19,19,108,Fire Central,City of Peoria,http://www.peoriagov.org/fire-department/, , , ,1,10/4/2016 0:00:00,COP\jbiller,GISDATA,1/5/2017 0:00:00,GISDATA,1/5/2017 0:00:00,8701.838544790000000,3946396.371390000000000,21,1293696,110.000000000000000,19,0,0,163000,1,60,854.784039200000050,2016,-1881.415639200000000,19984200,48,4,8376,4,0,808000000000.000000000000000,162.819911499999990,-358.364269900000010
20,20,20,106,Fire Central,City of Peoria,http://www.peoriagov.org/fire-department/, , , ,1,10/4/2016 0:00:00,COP\jbiller,GISDATA,1/5/2017 0:00:00,GISDATA,1/5/2017 0:00:00,12089.146280499999000,2044574.986820000000000,5,308014,107.000000000000000,8,195,378,84750,0,90,203.479561200000010,0,-447.943114200000020,0,5,0,0,0,0,0.000000000000000,0.000000000000000,0.000000000000000
21,21,21,314,Fire Station 3,City of Peoria,http://www.peoriagov.org/fire-department/, , , ,1,10/4/2016 0:00:00,COP\jbiller,GISDATA,1/5/2017 0:00:00,GISDATA,1/5/2017 0:00:00,15959.356010899999000,7982050.689779999700000,10,616060,46.000000000000000,13,100,140,431916,0,2035,407.024870599999990,3837,-896.007268100000030,0,22,7,14658,7,0,1414000000000.000000000000000,284.927499000000010,-627.218888600000010
22,22,22,113,Fire Central,City of Peoria,http://www.peoriagov.org/fire-department/, , , ,1,10/4/2016 0:00:00,COP\jbiller,GISDATA,1/5/2017 0:00:00,GISDATA,1/5/2017 0:00:00,14372.081411200001000,4814211.890239999600000,2,123206,0.000000000000000,1,94,176,16544,0,225,81.406764400000000,2016,-179.167797799999990,0,2,7,14658,7,0,1414000000000.000000000000000,284.955848300000010,-627.099611500000040
23,23,23,115,Fire Central,City of Peoria,http://www.peoriagov.org/fire-department/, , , ,1,10/4/2016 0:00:00,COP\jbiller,GISDATA,1/5/2017 0:00:00,GISDATA,1/5/2017 0:00:00,13533.495438200000000,4956611.456530000100000,8,492822,68.000000000000000,5,75,150,32200,2,291,325.631531300000010,3486,-716.559325500000000,0,39,2,4188,3,0,404000000000.000000000000000,81.413380599999996,-179.141973799999990
24,24,24,116,Fire Central,City of Peoria,http://www.peoriagov.org/fire-department/, , , ,1,10/4/2016 0:00:00,COP\jbiller,GISDATA,1/5/2017 0:00:00,GISDATA,1/5/2017 0:00:00,8676.042095810000300,3514733.825499999800000,4,246412,0.000000000000000,5,0,0,366777,0,1352,162.832458900000010,3929,-358.288154400000000,0,2,2,4188,2,0,404000000000.000000000000000,81.412453900000003,-179.152655900000010
25,25,25,114,Fire Central,City of Peoria,http://www.peoriagov.org/fire-department/, , , ,1,10/4/2016 0:00:00,COP\jbiller,GISDATA,1/5/2017 0:00:00,GISDATA,1/5/2017 0:00:00,6457.835840040000200,1478252.066320000000000,2,123206,0.000000000000000,6,64,110,47040,60,105,81.413722899999996,0,-179.162212399999990,0,2,0,0,0,0,0.000000000000000,0.000000000000000,0.000000000000000
26,26,26,109,Fire Central,City of Peoria,http://www.peoriagov.org/fire-department/, , , ,1,10/4/2016 0:00:00,COP\jbiller,GISDATA,1/5/2017 0:00:00,GISDATA,1/5/2017 0:00:00,8451.699873229999900,3550044.851489999800000,2,123206,12.000000000000000,2,30,60,4600,0,0,81.415980200000007,0,-179.186440299999990,0,2,6,12564,6,0,1212000000000.000000000000000,244.255252100000010,-537.541392699999960
27,27,27,1208,Fire Station 12,City of Peoria,http://www.peoriagov.org/fire-department/, , , ,1,10/4/2016 0:00:00,COP\jbiller,GISDATA,1/5/2017 0:00:00,CKOHLER,3/20/2017 0:00:00,10871.368248799999000,4275996.838360000400000,16,985648,50.000000000000000,5,0,0,6000,0,260,651.377753299999990,0,-1433.043873300000100,0,120,5,10470,5,0,1010000000000.000000000000000,203.553508999999990,-447.828562600000000
28,28,28,1207,Fire Station 12,City of Peoria,http://www.peoriagov.org/fire-department/, , , ,1,10/4/2016 0:00:00,COP\jbiller,GISDATA,1/5/2017 0:00:00,CKOHLER,3/20/2017 0:00:00,8826.151645600000800,3600971.370120000100000,1,61603,0.000000000000000,0,0,0,0,0,0,40.713989400000003,0,-89.566932699999995,0,0,3,6282,3,0,606000000000.000000000000000,122.147909000000000,-268.694900000000020
29,29,29,1206,Fire Station 12,City of Peoria,http://www.peoriagov.org/fire-department/, , , ,1,10/4/2016 0:00:00,COP\jbiller,GISDATA,1/5/2017 0:00:00,CKOHLER,3/20/2017 0:00:00,10345.173233699999000,2770565.238210000100000,13,800839,77.000000000000000,12,60,30,54000,2,85,529.318911599999980,0,-1164.269405800000000,0,108,1,2094,1,0,202000000000.000000000000000,40.714956999999998,-89.560266999999996
30,30,30,1205,Fire Station 12,City of Peoria,http://www.peoriagov.org/fire-department/, , , ,1,10/4/2016 0:00:00,COP\jbiller,GISDATA,1/5/2017 0:00:00,CKOHLER,3/20/2017 0:00:00,10738.114240700001000,4717838.016920000300000,6,369618,51.000000000000000,4,0,0,9800,0,16,244.318956500000010,0,-537.344765000000050,0,24,0,0,0,0,0.000000000000000,0.000000000000000,0.000000000000000
31,31,31,1203,Fire Station 12,City of Peoria,http://www.peoriagov.org/fire-department/, , , ,1,10/4/2016 0:00:00,COP\jbiller,GISDATA,1/5/2017 0:00:00,CKOHLER,3/20/2017 0:00:00,8707.628371169999800,3324362.649120000200000,3,184842,64.000000000000000,5,180,200,43200,0,0,122.179481999999990,0,-268.688948999999980,0,36,0,0,0,0,0.000000000000000,0.000000000000000,0.000000000000000
32,32,32,1219,Fire Station 12,City of Peoria,http://www.peoriagov.org/fire-department/, , , ,1,10/4/2016 0:00:00,COP\jbiller,GISDATA,1/5/2017 0:00:00,CKOHLER,3/20/2017 0:00:00,23871.844165400002000,12959063.523800001000000,4,246454,24.000000000000000,2,175,124,43400,0,0,163.038530200000000,0,-358.274988399999980,0,48,0,0,0,0,0.000000000000000,0.000000000000000,0.000000000000000
33,33,33,1217,Fire Station 12,City of Peoria,http://www.peoriagov.org/fire-department/, , , ,1,10/4/2016 0:00:00,COP\jbiller,GISDATA,1/5/2017 0:00:00,CKOHLER,3/20/2017 0:00:00,14226.725953300000000,5935486.928690000400000,1,61614,0.000000000000000,1,0,0,4500,0,200,40.776018399999998,0,-89.576594200000002,0,12,0,0,0,0,0.000000000000000,0.000000000000000,0.000000000000000
34,34,34,1536,Fire Station 15,City of Peoria,http://www.peoriagov.org/fire-department/, , , ,1,10/4/2016 0:00:00,COP\jbiller,GISDATA,1/5/2017 0:00:00,CKOHLER,3/20/2017 0:00:00,28970.732722600002000,23537533.254099999000000,1,61615,0.000000000000000,0,0,0,0,0,0,40.792304000000001,0,-89.579343800000004,0,12,0,0,0,0,0.000000000000000,0.000000000000000,0.000000000000000
35,35,35,1216,Fire Station 12,City of Peoria,http://www.peoriagov.org/fire-department/, , , ,1,10/4/2016 0:00:00,COP\jbiller,GISDATA,1/5/2017 0:00:00,CKOHLER,3/20/2017 0:00:00,12322.611373000000000,6929109.188050000000000,0,0,0.000000000000000,0,0,0,0,0,0,0.000000000000000,0,0.000000000000000,0,0,0,0,0,0,0.000000000000000,0.000000000000000,0.000000000000000
36,36,36,1013,Fire Station 10,City of Peoria,http://www.peoriagov.org/fire-department/, , , ,1,10/4/2016 0:00:00,COP\jbiller,GISDATA,1/5/2017 0:00:00,GISDATA,1/5/2017 0:00:00,15190.024374700000000,6014235.102889999700000,16,985649,40.000000000000000,7,83,335,16075,1,155,651.395447099999960,0,-1433.425829200000000,0,74,4,8376,4,0,808000000000.000000000000000,162.852028999999990,-358.353632000000000
37,37,37,1020,Fire Station 10,City of Peoria,http://www.peoriagov.org/fire-department/, , , ,1,10/4/2016 0:00:00,COP\jbiller,GISDATA,1/5/2017 0:00:00,GISDATA,1/5/2017 0:00:00,11362.632567700000000,4333202.238370000400000,6,369618,55.000000000000000,6,0,0,214500,0,1027,244.282043399999990,2009,-537.484561200000030,0,60,7,14658,7,0,1414000000000.000000000000000,284.984978000000010,-627.051730799999970
38,38,38,1021,Fire Station 10,City of Peoria,http://www.peoriagov.org/fire-department/, , , ,1,10/4/2016 0:00:00,COP\jbiller,GISDATA,1/5/2017 0:00:00,GISDATA,1/5/2017 0:00:00,10231.571755000001000,4950774.921249999700000,2,123206,0.000000000000000,0,0,0,0,0,0,81.432233900000000,0,-179.150448899999990,0,10,0,0,0,0,0.000000000000000,0.000000000000000,0.000000000000000
39,39,39,311,Fire Station 3,City of Peoria,http://www.peoriagov.org/fire-department/, , , ,1,10/4/2016 0:00:00,COP\jbiller,GISDATA,1/5/2017 0:00:00,GISDATA,1/5/2017 0:00:00,10608.284543100001000,3268061.613080000000000,1,61604,0.000000000000000,1,0,0,21400,0,0,40.709471700000002,1942,-89.599035200000003,0,3,3,6282,3,0,606000000000.000000000000000,122.136187699999990,-268.790642800000000
40,40,40,1012,Fire Station 10,City of Peoria,http://www.peoriagov.org/fire-department/, , , ,1,10/4/2016 0:00:00,COP\jbiller,GISDATA,1/5/2017 0:00:00,GISDATA,1/5/2017 0:00:00,8055.659699269999700,2569852.335570000100000,13,800840,69.000000000000000,11,0,0,50130,0,46,529.320372499999960,0,-1164.725579599999900,0,110,2,4188,3,0,404000000000.000000000000000,81.429444000000004,-179.192941999999990
41,41,41,1019,Fire Station 10,City of Peoria,http://www.peoriagov.org/fire-department/, , , ,1,10/4/2016 0:00:00,COP\jbiller,GISDATA,1/5/2017 0:00:00,GISDATA,1/5/2017 0:00:00,9152.244918730000800,4629201.112569999900000,2,123206,0.000000000000000,1,0,0,3500,0,15,81.435080499999998,0,-179.156170900000010,0,20,8,16752,9,0,1616000000000.000000000000000,325.738243599999980,-716.640439700000000
42,42,42,1011,Fire Station 10,City of Peoria,http://www.peoriagov.org/fire-department/, , , ,1,10/4/2016 0:00:00,COP\jbiller,GISDATA,1/5/2017 0:00:00,GISDATA,1/5/2017 0:00:00,7266.773514100000300,3281473.623220000000000,0,0,0.000000000000000,0,0,0,0,0,0,0.000000000000000,0,0.000000000000000,0,0,1,2094,1,0,202000000000.000000000000000,40.720572599999997,-89.588641600000003
43,43,43,1010,Fire Station 10,City of Peoria,http://www.peoriagov.org/fire-department/, , , ,1,10/4/2016 0:00:00,COP\jbiller,GISDATA,1/5/2017 0:00:00,GISDATA,1/5/2017 0:00:00,10638.250978200000000,3748945.004660000100000,3,184809,0.000000000000000,1,0,0,10650,0,159,122.166817800000000,1972,-268.779969999999990,0,21,5,10470,5,0,1010000000000.000000000000000,203.616929199999990,-447.944368399999970
44,44,44,1009,Fire Station 10,City of Peoria,http://www.peoriagov.org/fire-department/, , , ,1,10/4/2016 0:00:00,COP\jbiller,GISDATA,1/5/2017 0:00:00,GISDATA,1/5/2017 0:00:00,8176.402779719999700,4010763.490160000000000,5,308019,0.000000000000000,5,0,0,133750,0,331,203.608255600000010,0,-447.976712799999970,0,43,2,4188,2,0,404000000000.000000000000000,81.440365700000001,-179.194085599999990
45,45,45,1017,Fire Station 10,City of Peoria,http://www.peoriagov.org/fire-department/, , , ,1,10/4/2016 0:00:00,COP\jbiller,GISDATA,1/5/2017 0:00:00,GISDATA,1/5/2017 0:00:00,10385.966436700000000,4285206.570080000000000,4,246412,0.000000000000000,3,0,0,105430,0,314,162.903149000000010,3908,-358.332967999999990,0,40,1,2094,1,0,202000000000.000000000000000,40.722158000000000,-89.576837999999995
46,46,46,1016,Fire Station 10,City of Peoria,http://www.peoriagov.org/fire-department/, , , ,1,10/4/2016 0:00:00,COP\jbiller,GISDATA,1/5/2017 0:00:00,GISDATA,1/5/2017 0:00:00,7799.104471779999600,2377929.393459999900000,0,0,0.000000000000000,0,0,0,0,0,0,0.000000000000000,0,0.000000000000000,0,0,1,2094,1,0,202000000000.000000000000000,40.725974000000001,-89.577065000000005
47,47,47,1015,Fire Station 10,City of Peoria,http://www.peoriagov.org/fire-department/, , , ,1,10/4/2016 0:00:00,COP\jbiller,GISDATA,1/5/2017 0:00:00,GISDATA,1/5/2017 0:00:00,10810.668003500001000,4369963.750620000100000,20,1232060,27.000000000000000,17,60,110,62000,0,7,814.552808899999950,0,-1791.487902200000000,0,200,3,6282,3,0,606000000000.000000000000000,122.178747300000000,-268.724118299999990
48,48,48,1008,Fire Station 10,City of Peoria,http://www.peoriagov.org/fire-department/, , , ,1,10/4/2016 0:00:00,COP\jbiller,GISDATA,1/5/2017 0:00:00,GISDATA,1/5/2017 0:00:00,10960.425308800000000,6857680.668329999800000,14,862487,235.000000000000000,22,600,800,1024750,72,680,570.216061900000000,1905,-1254.253481799999900,0,130,3,6282,3,0,606000000000.000000000000000,122.183992000000000,-268.766525000000000
49,49,49,1007,Fire Station 10,City of Peoria,http://www.peoriagov.org/fire-department/, , , ,1,10/4/2016 0:00:00,COP\jbiller,GISDATA,1/5/2017 0:00:00,GISDATA,1/5/2017 0:00:00,6050.117333999999600,2243319.043080000200000,0,0,0.000000000000000,0,0,0,0,0,0,0.000000000000000,0,0.000000000000000,0,0,0,0,0,0,0.000000000000000,0.000000000000000,0.000000000000000
50,50,50,1005,Fire Station 10,City of Peoria,http://www.peoriagov.org/fire-department/, , , ,1,10/4/2016 0:00:00,COP\jbiller,GISDATA,1/5/2017 0:00:00,GISDATA,1/5/2017 0:00:00,13559.892437000000000,5329115.827340000300000,4,246445,50.000000000000000,4,263,498,29325,2,0,162.953532499999990,0,-358.371518600000000,0,40,2,4188,2,0,404000000000.000000000000000,81.469607800000006,-179.187436300000000
51,51,51,1014,Fire Station 10,City of Peoria,http://www.peoriagov.org/fire-department/, , , ,1,10/4/2016 0:00:00,COP\jbiller,GISDATA,1/5/2017 0:00:00,GISDATA,1/5/2017 0:00:00,13394.741780700000000,10028102.923300000000000,5,308060,0.000000000000000,1,0,0,46900,0,332,203.661938300000000,1954,-447.859976300000030,0,10,1,2094,1,0,202000000000.000000000000000,40.730218999999998,-89.571684000000005
52,52,52,1018,Fire Station 10,City of Peoria,http://www.peoriagov.org/fire-department/, , , ,1,10/4/2016 0:00:00,COP\jbiller,GISDATA,1/5/2017 0:00:00,GISDATA,1/5/2017 0:00:00,15417.338883900000000,10874127.402000001000000,0,0,0.000000000000000,0,0,0,0,0,0,0.000000000000000,0,0.000000000000000,0,0,0,0,0,0,0.000000000000000,0.000000000000000,0.000000000000000
53,53,53,1006,Fire Station 10,City of Peoria,http://www.peoriagov.org/fire-department/, , , ,1,10/4/2016 0:00:00,COP\jbiller,GISDATA,1/5/2017 0:00:00,GISDATA,1/5/2017 0:00:00,9768.559662100000400,4818080.103009999700000,3,184842,25.000000000000000,4,0,0,29900,0,49,122.217804100000000,1978,-268.753665300000020,0,30,0,0,0,0,0.000000000000000,0.000000000000000,0.000000000000000
54,54,54,1004,Fire Station 10,City of Peoria,http://www.peoriagov.org/fire-department/, , , ,1,10/4/2016 0:00:00,COP\jbiller,GISDATA,1/5/2017 0:00:00,GISDATA,1/5/2017 0:00:00,7358.237604150000200,2460135.100900000000000,2,123228,0.000000000000000,1,0,0,16000,2,15,81.479244100000003,0,-179.190539599999990,0,19,1,2094,1,0,202000000000.000000000000000,40.741957999999997,-89.597235999999995
55,55,55,1003,Fire Station 10,City of Peoria,http://www.peoriagov.org/fire-department/, , , ,1,10/4/2016 0:00:00,COP\jbiller,GISDATA,1/5/2017 0:00:00,GISDATA,1/5/2017 0:00:00,11350.943069299999000,3994229.527139999900000,16,985824,139.000000000000000,12,390,785,34825,6,0,651.840908199999940,0,-1433.470060500000000,0,160,0,0,0,0,0.000000000000000,0.000000000000000,0.000000000000000
56,56,56,1002,Fire Station 10,City of Peoria,http://www.peoriagov.org/fire-department/, , , ,1,10/4/2016 0:00:00,COP\jbiller,GISDATA,1/5/2017 0:00:00,GISDATA,1/5/2017 0:00:00,10930.038115699999000,3798265.742019999800000,6,369651,0.000000000000000,2,0,0,50000,0,487,244.489145200000000,1948,-537.563185100000060,0,60,1,2094,1,0,202000000000.000000000000000,40.745669999999997,-89.594288000000006
57,57,57,1001,Fire Station 10,City of Peoria,http://www.peoriagov.org/fire-department/, , , ,1,10/4/2016 0:00:00,COP\jbiller,GISDATA,1/5/2017 0:00:00,GISDATA,1/5/2017 0:00:00,9441.539649270000200,1643770.846820000100000,6,369673,35.000000000000000,1,70,50,3500,0,0,244.513223600000000,0,-537.561267300000050,0,20,0,0,0,0,0.000000000000000,0.000000000000000,0.000000000000000
58,58,58,1647,Fire Station 16,City of Peoria,http://www.peoriagov.org/fire-department/, , , ,1,10/4/2016 0:00:00,COP\jbiller,GISDATA,1/5/2017 0:00:00,GISDATA,1/5/2017 0:00:00,7400.446531310000000,2455689.859459999900000,0,0,0.000000000000000,0,0,0,0,0,0,0.000000000000000,0,0.000000000000000,0,0,0,0,0,0,0.000000000000000,0.000000000000000,0.000000000000000
59,59,59,213,Fire Station 2,City of Peoria,http://www.peoriagov.org/fire-department/, , , ,1,10/4/2016 0:00:00,COP\jbiller,GISDATA,1/5/2017 0:00:00,GISDATA,1/5/2017 0:00:00,9244.843782930000100,3877721.396290000100000,4,246417,20.000000000000000,1,110,200,22000,0,0,162.706972100000000,0,-358.433721499999990,0,20,0,0,0,0,0.000000000000000,0.000000000000000,0.000000000000000
60,60,60,207,Fire Station 2,City of Peoria,http://www.peoriagov.org/fire-department/, , , ,1,10/4/2016 0:00:00,COP\jbiller,GISDATA,1/5/2017 0:00:00,GISDATA,1/5/2017 0:00:00,14889.798223800000000,3705296.507189999800000,14,862464,87.000000000000000,8,325,300,98750,1,45,569.505342400000020,5799,-1254.546824699999900,0,61,1,2094,1,0,202000000000.000000000000000,40.681190999999998,-89.611188999999996
61,61,61,203,Fire Station 2,City of Peoria,http://www.peoriagov.org/fire-department/, , , ,1,10/4/2016 0:00:00,COP\jbiller,GISDATA,1/5/2017 0:00:00,GISDATA,1/5/2017 0:00:00,9680.191599249999900,5210621.959750000400000,24,1478514,27.000000000000000,13,180,315,122900,2,466,976.469624500000010,2017,-2150.420107500000100,800000,156,6,12564,6,0,1212000000000.000000000000000,244.114420800000000,-537.630512200000000
62,62,62,209,Fire Station 2,City of Peoria,http://www.peoriagov.org/fire-department/, , , ,1,10/4/2016 0:00:00,COP\jbiller,GISDATA,1/5/2017 0:00:00,GISDATA,1/5/2017 0:00:00,4358.688812190000100,1174177.810749999900000,0,0,0.000000000000000,0,0,0,0,0,0,0.000000000000000,0,0.000000000000000,0,0,0,0,0,0,0.000000000000000,0.000000000000000,0.000000000000000
63,63,63,206,Fire Station 2,City of Peoria,http://www.peoriagov.org/fire-department/, , , ,1,10/4/2016 0:00:00,COP\jbiller,GISDATA,1/5/2017 0:00:00,GISDATA,1/5/2017 0:00:00,10057.122065800000000,3344273.073450000000000,11,677655,0.000000000000000,12,620,775,552000,0,0,447.615762099999980,0,-985.592815999999970,0,40,0,0,0,0,0.000000000000000,0.000000000000000,0.000000000000000
64,64,64,210,Fire Station 2,City of Peoria,http://www.peoriagov.org/fire-department/, , , ,1,10/4/2016 0:00:00,COP\jbiller,GISDATA,1/5/2017 0:00:00,GISDATA,1/5/2017 0:00:00,4667.746051340000100,905862.012532999970000,1,61605,0.000000000000000,0,0,0,0,0,0,40.688978100000000,0,-89.615735599999994,0,8,0,0,0,0,0.000000000000000,0.000000000000000,0.000000000000000
65,65,65,211,Fire Station 2,City of Peoria,http://www.peoriagov.org/fire-department/, , , ,1,10/4/2016 0:00:00,COP\jbiller,GISDATA,1/5/2017 0:00:00,GISDATA,1/5/2017 0:00:00,5376.395806690000400,1445465.538770000000000,0,0,0.000000000000000,0,0,0,0,0,0,0.000000000000000,0,0.000000000000000,0,0,1,2094,1,0,202000000000.000000000000000,40.690479000000003,-89.614255000000000
66,66,66,204,Fire Station 2,City of Peoria,http://www.peoriagov.org/fire-department/, , , ,1,10/4/2016 0:00:00,COP\jbiller,GISDATA,1/5/2017 0:00:00,GISDATA,1/5/2017 0:00:00,9972.069675849999800,4217866.201639999600000,19,1170505,0.000000000000000,11,400,200,134600,0,604,773.141630699999950,1993,-1702.526245800000000,0,112,5,10470,5,0,1010000000000.000000000000000,203.462789200000000,-448.028870799999990
67,67,67,214,Fire Station 2,City of Peoria,http://www.peoriagov.org/fire-department/, , , ,1,10/4/2016 0:00:00,COP\jbiller,GISDATA,1/5/2017 0:00:00,GISDATA,1/5/2017 0:00:00,11984.079283300000000,4717296.614260000200000,30,1848176,98.000000000000000,57,1313,1813,354942,0,677,1220.863914600000000,7669,-2688.487612800000100,0,154,1,2094,1,0,202000000000.000000000000000,40.696203400000002,-89.621099999999998
68,68,68,212,Fire Station 2,City of Peoria,http://www.peoriagov.org/fire-department/, , , ,1,10/4/2016 0:00:00,COP\jbiller,GISDATA,1/5/2017 0:00:00,GISDATA,1/5/2017 0:00:00,6876.489504469999700,1732228.209190000100000,0,0,0.000000000000000,0,0,0,0,0,0,0.000000000000000,0,0.000000000000000,0,0,0,0,0,0,0.000000000000000,0.000000000000000,0.000000000000000
69,69,69,317,Fire Station 3,City of Peoria,http://www.peoriagov.org/fire-department/, , , ,1,10/4/2016 0:00:00,COP\jbiller,GISDATA,1/5/2017 0:00:00,GISDATA,1/5/2017 0:00:00,10828.597645899999000,5260885.629839999600000,12,739310,0.000000000000000,2,54,68,7344,0,0,488.378578399999980,0,-1075.381677600000100,0,27,3,6282,3,0,606000000000.000000000000000,122.098102299999990,-268.849588999999980
70,70,70,215,Fire Station 2,City of Peoria,http://www.peoriagov.org/fire-department/, , , ,1,10/4/2016 0:00:00,COP\jbiller,GISDATA,1/5/2017 0:00:00,GISDATA,1/5/2017 0:00:00,6605.696059220000300,2581261.875510000200000,21,1293726,0.000000000000000,6,0,0,46500,0,0,854.644189699999970,0,-1881.783876600000000,0,72,0,0,0,0,0.000000000000000,0.000000000000000,0.000000000000000
71,71,71,316,Fire Station 3,City of Peoria,http://www.peoriagov.org/fire-department/, , , ,1,10/4/2016 0:00:00,COP\jbiller,GISDATA,1/5/2017 0:00:00,GISDATA,1/5/2017 0:00:00,13023.769715099999000,5489199.301550000000000,64,3942781,318.000000000000000,54,815,1182,199635,33,779,2604.773260900000000,13855,-5734.942997700000000,0,160,3,6282,3,0,606000000000.000000000000000,122.101216600000000,-268.826904599999980
72,72,72,313,Fire Station 3,City of Peoria,http://www.peoriagov.org/fire-department/, , , ,1,10/4/2016 0:00:00,COP\jbiller,GISDATA,1/5/2017 0:00:00,GISDATA,1/5/2017 0:00:00,8714.222781489999800,3648772.843080000000000,0,0,0.000000000000000,0,0,0,0,0,0,0.000000000000000,0,0.000000000000000,0,0,0,0,0,0,0.000000000000000,0.000000000000000,0.000000000000000
73,73,73,310,Fire Station 3,City of Peoria,http://www.peoriagov.org/fire-department/, , , ,1,10/4/2016 0:00:00,COP\jbiller,GISDATA,1/5/2017 0:00:00,GISDATA,1/5/2017 0:00:00,10620.689762000000000,5051171.304410000300000,2,123218,0.000000000000000,1,0,0,3000,0,0,81.419627899999995,0,-179.206880899999990,0,3,5,10470,5,0,1010000000000.000000000000000,203.553383400000000,-448.031062400000000
74,74,74,302,Fire Station 3,City of Peoria,http://www.peoriagov.org/fire-department/, , , ,1,10/4/2016 0:00:00,COP\jbiller,GISDATA,1/5/2017 0:00:00,GISDATA,1/5/2017 0:00:00,7107.875936329999600,1847415.351790000000000,0,0,0.000000000000000,0,0,0,0,0,0,0.000000000000000,0,0.000000000000000,0,0,2,4188,2,0,404000000000.000000000000000,81.417189699999994,-179.281278600000010
75,75,75,303,Fire Station 3,City of Peoria,http://www.peoriagov.org/fire-department/, , , ,1,10/4/2016 0:00:00,COP\jbiller,GISDATA,1/5/2017 0:00:00,GISDATA,1/5/2017 0:00:00,13686.535165499999000,9468385.822650000500000,1,61604,0.000000000000000,0,0,0,0,0,0,40.708893099999997,0,-89.630969699999994,0,0,0,0,0,0,0.000000000000000,0.000000000000000,0.000000000000000
76,76,76,309,Fire Station 3,City of Peoria,http://www.peoriagov.org/fire-department/, , , ,1,10/4/2016 0:00:00,COP\jbiller,GISDATA,1/5/2017 0:00:00,GISDATA,1/5/2017 0:00:00,9766.046421729999600,3837034.023450000200000,2,123218,0.000000000000000,0,0,0,0,0,100,81.421043699999998,0,-179.227349500000000,0,6,2,4188,2,0,404000000000.000000000000000,81.418749000000005,-179.221819000000010
77,77,77,308,Fire Station 3,City of Peoria,http://www.peoriagov.org/fire-department/, , , ,1,10/4/2016 0:00:00,COP\jbiller,GISDATA,1/5/2017 0:00:00,GISDATA,1/5/2017 0:00:00,8020.898886840000200,3285897.341229999900000,3,184831,0.000000000000000,2,0,0,23000,0,0,122.150188000000000,0,-268.809096500000010,0,17,4,8376,4,0,808000000000.000000000000000,162.871566000000000,-358.402211000000020
78,78,78,306,Fire Station 3,City of Peoria,http://www.peoriagov.org/fire-department/, , , ,1,10/4/2016 0:00:00,COP\jbiller,GISDATA,1/5/2017 0:00:00,GISDATA,1/5/2017 0:00:00,10387.431983300001000,3319477.217900000000000,1,61604,0.000000000000000,0,0,0,0,0,0,40.714549499999997,0,-89.613321900000003,0,0,3,6282,3,0,606000000000.000000000000000,122.144298300000000,-268.842156300000000
79,79,79,307,Fire Station 3,City of Peoria,http://www.peoriagov.org/fire-department/, , , ,1,10/4/2016 0:00:00,COP\jbiller,GISDATA,1/5/2017 0:00:00,GISDATA,1/5/2017 0:00:00,10701.033559800000000,5562671.562459999700000,4,246436,72.000000000000000,3,170,270,14900,0,94,162.873554300000000,0,-358.414624399999980,0,28,8,16752,8,0,1616000000000.000000000000000,325.735082400000010,-716.860401199999960
80,80,80,301,Fire Station 3,City of Peoria,http://www.peoriagov.org/fire-department/, , , ,1,10/4/2016 0:00:00,COP\jbiller,GISDATA,1/5/2017 0:00:00,GISDATA,1/5/2017 0:00:00,7860.051163410000300,2919820.923589999800000,1,61604,0.000000000000000,0,0,0,0,0,0,40.711571700000000,0,-89.639065599999995,0,0,0,0,0,0,0.000000000000000,0.000000000000000,0.000000000000000
81,81,81,305,Fire Station 3,City of Peoria,http://www.peoriagov.org/fire-department/, , , ,1,10/4/2016 0:00:00,COP\jbiller,GISDATA,1/5/2017 0:00:00,GISDATA,1/5/2017 0:00:00,10474.256056599999000,4739629.015669999600000,0,0,0.000000000000000,0,0,0,0,0,0,0.000000000000000,0,0.000000000000000,0,0,4,8376,4,0,808000000000.000000000000000,162.865219999999990,-358.472232000000020
82,82,82,1108,Fire Station 11,City of Peoria,http://www.peoriagov.org/fire-department/, , , ,1,10/4/2016 0:00:00,COP\jbiller,GISDATA,1/5/2017 0:00:00,GISDATA,1/5/2017 0:00:00,5625.472259790000000,1436551.838200000100000,2,123218,0.000000000000000,1,0,0,1000,0,48,81.440944799999997,0,-179.208887699999990,0,22,1,2094,1,0,202000000000.000000000000000,40.720796999999997,-89.609716000000006
83,83,83,1109,Fire Station 11,City of Peoria,http://www.peoriagov.org/fire-department/, , , ,1,10/4/2016 0:00:00,COP\jbiller,GISDATA,1/5/2017 0:00:00,GISDATA,1/5/2017 0:00:00,7068.022680240000200,1692538.753439999900000,1,61614,0.000000000000000,0,0,0,0,0,0,40.719495299999998,0,-89.613183500000005,0,11,0,0,0,0,0.000000000000000,0.000000000000000,0.000000000000000
84,84,84,1117,Fire Station 11,City of Peoria,http://www.peoriagov.org/fire-department/, , , ,1,10/4/2016 0:00:00,COP\jbiller,GISDATA,1/5/2017 0:00:00,GISDATA,1/5/2017 0:00:00,11729.086368300001000,5084864.763319999900000,0,0,0.000000000000000,0,0,0,0,0,0,0.000000000000000,0,0.000000000000000,0,0,3,6282,3,0,606000000000.000000000000000,122.170440000000000,-268.808566999999980
85,85,85,1107,Fire Station 11,City of Peoria,http://www.peoriagov.org/fire-department/, , , ,1,10/4/2016 0:00:00,COP\jbiller,GISDATA,1/5/2017 0:00:00,GISDATA,1/5/2017 0:00:00,11137.389042000001000,5497773.946709999800000,3,184822,0.000000000000000,0,0,0,1800,0,0,122.173255000000000,0,-268.835672900000020,0,33,5,10470,5,0,1010000000000.000000000000000,203.611183700000000,-448.071499000000020
86,86,86,1106,Fire Station 11,City of Peoria,http://www.peoriagov.org/fire-department/, , , ,1,10/4/2016 0:00:00,COP\jbiller,GISDATA,1/5/2017 0:00:00,GISDATA,1/5/2017 0:00:00,8481.864662539999700,4331743.732870000400000,20,1232140,60.000000000000000,12,95,325,41125,0,545,814.551903199999970,0,-1792.310674500000000,0,193,2,4188,2,0,404000000000.000000000000000,81.461596400000005,-179.228034500000010
87,87,87,1114,Fire Station 11,City of Peoria,http://www.peoriagov.org/fire-department/, , , ,1,10/4/2016 0:00:00,COP\jbiller,GISDATA,1/5/2017 0:00:00,GISDATA,1/5/2017 0:00:00,9269.271983579999900,5231034.326990000000000,14,862566,42.000000000000000,6,0,0,132470,0,1181,570.195612999999980,11900,-1254.526407900000100,0,116,0,0,0,0,0.000000000000000,0.000000000000000,0.000000000000000
88,88,88,1116,Fire Station 11,City of Peoria,http://www.peoriagov.org/fire-department/, , , ,1,10/4/2016 0:00:00,COP\jbiller,GISDATA,1/5/2017 0:00:00,GISDATA,1/5/2017 0:00:00,7818.867312160000400,3144021.498759999900000,3,184812,12.000000000000000,4,115,180,52925,0,975,122.194277700000000,3918,-268.802275700000000,0,33,1,2094,1,0,202000000000.000000000000000,40.736077000000002,-89.601955000000004
89,89,89,1113,Fire Station 11,City of Peoria,http://www.peoriagov.org/fire-department/, , , ,1,10/4/2016 0:00:00,COP\jbiller,GISDATA,1/5/2017 0:00:00,GISDATA,1/5/2017 0:00:00,11919.097384500001000,7455684.158970000200000,5,308060,0.000000000000000,1,0,0,20000,0,20,203.663459200000010,0,-448.035680000000010,0,44,3,6282,4,0,606000000000.000000000000000,122.206244000000000,-268.828609099999990
90,90,90,1105,Fire Station 11,City of Peoria,http://www.peoriagov.org/fire-department/, , , ,1,10/4/2016 0:00:00,COP\jbiller,GISDATA,1/5/2017 0:00:00,GISDATA,1/5/2017 0:00:00,12344.200700800000000,8873227.613169999800000,34,2094817,86.000000000000000,42,85,100,578650,380,370,1385.050356100000000,15904,-3047.048234100000200,1351060,370,2,4188,2,0,404000000000.000000000000000,81.476687999999996,-179.245338000000000
91,91,91,1115,Fire Station 11,City of Peoria,http://www.peoriagov.org/fire-department/, , , ,1,10/4/2016 0:00:00,COP\jbiller,GISDATA,1/5/2017 0:00:00,GISDATA,1/5/2017 0:00:00,10081.973796300001000,3729666.204919999900000,2,123228,12.000000000000000,1,30,60,1800,0,0,81.481401000000005,0,-179.203708799999990,0,11,1,2094,1,0,202000000000.000000000000000,40.737192999999998,-89.598079999999996
92,92,92,1112,Fire Station 11,City of Peoria,http://www.peoriagov.org/fire-department/, , , ,1,10/4/2016 0:00:00,COP\jbiller,GISDATA,1/5/2017 0:00:00,GISDATA,1/5/2017 0:00:00,11147.250780099999000,5463699.623929999800000,49,3019076,355.000000000000000,39,1100,2296,312680,16,2123,1996.254358100000000,15828,-4390.657172399999600,0,513,1,2094,1,0,202000000000.000000000000000,40.741386900000002,-89.606935500000006
93,93,93,1103,Fire Station 11,City of Peoria,http://www.peoriagov.org/fire-department/, , , ,1,10/4/2016 0:00:00,COP\jbiller,GISDATA,1/5/2017 0:00:00,GISDATA,1/5/2017 0:00:00,12010.183446700001000,4303718.384999999800000,5,308070,0.000000000000000,11,0,0,251800,411,0,203.706089600000010,3977,-448.119879299999980,0,48,0,0,0,0,0.000000000000000,0.000000000000000,0.000000000000000
94,94,94,1104,Fire Station 11,City of Peoria,http://www.peoriagov.org/fire-department/, , , ,1,10/4/2016 0:00:00,COP\jbiller,GISDATA,1/5/2017 0:00:00,GISDATA,1/5/2017 0:00:00,6523.476039209999700,2747860.148209999800000,1,61614,0.000000000000000,0,0,0,0,0,0,40.740161000000001,0,-89.615904000000000,0,11,0,0,0,0,0.000000000000000,0.000000000000000,0.000000000000000
95,95,95,1111,Fire Station 11,City of Peoria,http://www.peoriagov.org/fire-department/, , , ,1,10/4/2016 0:00:00,COP\jbiller,GISDATA,1/5/2017 0:00:00,GISDATA,1/5/2017 0:00:00,13207.073822200000000,6258343.706340000000000,18,1109052,187.000000000000000,17,860,1120,519890,4,160,733.455189000000020,0,-1612.858054600000100,0,199,0,0,0,0,0.000000000000000,0.000000000000000,0.000000000000000
96,96,96,1102,Fire Station 11,City of Peoria,http://www.peoriagov.org/fire-department/, , , ,1,10/4/2016 0:00:00,COP\jbiller,GISDATA,1/5/2017 0:00:00,GISDATA,1/5/2017 0:00:00,8801.215230910000200,4487258.111920000100000,33,2033262,239.000000000000000,31,665,753,156255,17,489,1344.670192500000000,3942,-2957.334674600000200,0,344,1,2094,1,0,202000000000.000000000000000,40.744948000000001,-89.614002999999997
97,97,97,1110,Fire Station 11,City of Peoria,http://www.peoriagov.org/fire-department/, , , ,1,10/4/2016 0:00:00,COP\jbiller,GISDATA,1/5/2017 0:00:00,GISDATA,1/5/2017 0:00:00,11029.291071000000000,5591210.447870000300000,41,2526174,303.000000000000000,33,665,1090,350055,104,313,1670.577479300000000,17850,-3673.984658100000200,0,393,1,2094,1,0,202000000000.000000000000000,40.746721000000001,-89.611467000000005
98,98,98,1101,Fire Station 11,City of Peoria,http://www.peoriagov.org/fire-department/, , , ,1,10/4/2016 0:00:00,COP\jbiller,GISDATA,1/5/2017 0:00:00,GISDATA,1/5/2017 0:00:00,4722.803377539999900,998449.980058999960000,0,0,0.000000000000000,0,0,0,0,0,0,0.000000000000000,0,0.000000000000000,0,0,0,0,0,0,0.000000000000000,0.000000000000000,0.000000000000000
99,99,99,1320,Fire Station 13,City of Peoria,http://www.peoriagov.org/fire-department/, , , ,1,10/4/2016 0:00:00,COP\jbiller,GISDATA,1/5/2017 0:00:00,GISDATA,1/5/2017 0:00:00,11787.452605600000000,4722100.455550000100000,1,61604,0.000000000000000,2,0,0,64600,0,0,40.715772000000001,1962,-89.633390399999996,0,13,0,0,0,0,0.000000000000000,0.000000000000000,0.000000000000000
100,100,100,1319,Fire Station 13,City of Peoria,http://www.peoriagov.org/fire-department/, , , ,1,10/4/2016 0:00:00,COP\jbiller,GISDATA,1/5/2017 0:00:00,GISDATA,1/5/2017 0:00:00,11794.934827200001000,8281584.050160000100000,4,246427,0.000000000000000,1,0,0,9000,0,297,162.893332399999990,2017,-358.520166700000000,0,39,2,4188,2,0,404000000000.000000000000000,81.442455800000005,-179.261797699999990
101,101,101,1318,Fire Station 13,City of Peoria,http://www.peoriagov.org/fire-department/, , , ,1,10/4/2016 0:00:00,COP\jbiller,GISDATA,1/5/2017 0:00:00,GISDATA,1/5/2017 0:00:00,9987.082870500000400,5779856.089820000300000,2,123208,0.000000000000000,2,0,0,36000,1,0,81.448713499999997,0,-179.266903200000000,0,26,1,2094,1,0,202000000000.000000000000000,40.720829999999999,-89.637224000000003
102,102,102,1313,Fire Station 13,City of Peoria,http://www.peoriagov.org/fire-department/, , , ,1,10/4/2016 0:00:00,COP\jbiller,GISDATA,1/5/2017 0:00:00,GISDATA,1/5/2017 0:00:00,11006.310478699999000,5724518.828950000000000,30,1848142,235.000000000000000,20,350,1100,156500,0,0,1221.578070300000000,0,-2689.415956299999800,0,390,10,20940,10,0,2020000000000.000000000000000,407.192608399999980,-896.456759799999990
103,103,103,1317,Fire Station 13,City of Peoria,http://www.peoriagov.org/fire-department/, , , ,1,10/4/2016 0:00:00,COP\jbiller,GISDATA,1/5/2017 0:00:00,GISDATA,1/5/2017 0:00:00,10977.961147500000000,5038438.969109999900000,4,246416,25.000000000000000,4,0,0,55500,0,0,162.908632600000000,0,-358.533317000000010,0,39,1,2094,1,0,202000000000.000000000000000,40.727851000000001,-89.633816999999993
104,104,104,1316,Fire Station 13,City of Peoria,http://www.peoriagov.org/fire-department/, , , ,1,10/4/2016 0:00:00,COP\jbiller,GISDATA,1/5/2017 0:00:00,GISDATA,1/5/2017 0:00:00,11476.677674099999000,6159125.959210000000000,3,184812,25.000000000000000,3,0,0,60700,0,466,122.176534399999990,1944,-268.871728399999990,0,26,4,8376,4,0,808000000000.000000000000000,162.914655200000000,-358.507772800000000
105,105,105,1312,Fire Station 13,City of Peoria,http://www.peoriagov.org/fire-department/, , , ,1,10/4/2016 0:00:00,COP\jbiller,GISDATA,1/5/2017 0:00:00,GISDATA,1/5/2017 0:00:00,11004.991650800001000,6354991.141180000300000,4,246426,24.000000000000000,1,180,300,54000,0,56,162.912965399999990,0,-358.578010399999980,0,39,4,8376,4,0,808000000000.000000000000000,162.903554700000000,-358.590863599999980
106,106,106,1314,Fire Station 13,City of Peoria,http://www.peoriagov.org/fire-department/, , , ,1,10/4/2016 0:00:00,COP\jbiller,GISDATA,1/5/2017 0:00:00,GISDATA,1/5/2017 0:00:00,12213.000456399999000,5135051.499619999900000,13,800917,114.000000000000000,15,110,95,308263,2,230,529.526783600000040,1975,-1165.225602000000000,0,156,3,6282,3,0,606000000000.000000000000000,122.198960600000010,-268.902314800000000
107,107,107,1311,Fire Station 13,City of Peoria,http://www.peoriagov.org/fire-department/, , , ,1,10/4/2016 0:00:00,COP\jbiller,GISDATA,1/5/2017 0:00:00,GISDATA,1/5/2017 0:00:00,8284.937321460000000,3825730.124710000100000,11,677644,144.000000000000000,13,343,260,167950,0,0,448.041912599999990,0,-986.067056399999960,0,143,4,8376,4,0,808000000000.000000000000000,162.922189900000010,-358.582135400000030
108,108,108,1309,Fire Station 13,City of Peoria,http://www.peoriagov.org/fire-department/, , , ,1,10/4/2016 0:00:00,COP\jbiller,GISDATA,1/5/2017 0:00:00,GISDATA,1/5/2017 0:00:00,8581.307776800000300,4177997.906880000100000,0,0,0.000000000000000,0,0,0,0,0,0,0.000000000000000,0,0.000000000000000,0,0,0,0,0,0,0.000000000000000,0.000000000000000,0.000000000000000
109,109,109,1315,Fire Station 13,City of Peoria,http://www.peoriagov.org/fire-department/, , , ,1,10/4/2016 0:00:00,COP\jbiller,GISDATA,1/5/2017 0:00:00,GISDATA,1/5/2017 0:00:00,7474.351945700000200,3423861.846890000200000,2,123219,10.000000000000000,2,265,160,62400,0,210,81.466072800000006,1956,-179.262262700000010,0,26,0,0,0,0,0.000000000000000,0.000000000000000,0.000000000000000
110,110,110,1310,Fire Station 13,City of Peoria,http://www.peoriagov.org/fire-department/, , , ,1,10/4/2016 0:00:00,COP\jbiller,GISDATA,1/5/2017 0:00:00,GISDATA,1/5/2017 0:00:00,10866.837020900000000,5795085.551239999900000,0,0,0.000000000000000,0,0,0,0,0,0,0.000000000000000,0,0.000000000000000,0,0,2,4188,2,0,404000000000.000000000000000,81.473013100000003,-179.272127600000000
111,111,111,1308,Fire Station 13,City of Peoria,http://www.peoriagov.org/fire-department/, , , ,1,10/4/2016 0:00:00,COP\jbiller,GISDATA,1/5/2017 0:00:00,GISDATA,1/5/2017 0:00:00,10297.731734400000000,3542709.320259999900000,0,0,0.000000000000000,0,0,0,0,0,0,0.000000000000000,0,0.000000000000000,0,0,0,0,0,0,0.000000000000000,0.000000000000000,0.000000000000000
112,112,112,1306,Fire Station 13,City of Peoria,http://www.peoriagov.org/fire-department/, , , ,1,10/4/2016 0:00:00,COP\jbiller,GISDATA,1/5/2017 0:00:00,GISDATA,1/5/2017 0:00:00,9012.260609090000800,4088329.111719999900000,78,4805808,0.000000000000000,79,0,0,1102244,263,1871,3177.778309700000100,149984,-6991.081468100000200,0,1014,0,0,0,0,0.000000000000000,0.000000000000000,0.000000000000000
113,113,113,1305,Fire Station 13,City of Peoria,http://www.peoriagov.org/fire-department/, , , ,1,10/4/2016 0:00:00,COP\jbiller,GISDATA,1/5/2017 0:00:00,GISDATA,1/5/2017 0:00:00,11726.378158000000000,8680200.369330000100000,35,2156460,146.000000000000000,22,251,335,156705,127,837,1425.991560600000000,13856,-3137.176373199999900,0,390,2,4188,2,0,404000000000.000000000000000,81.481348299999993,-179.268905499999990
114,114,114,1304,Fire Station 13,City of Peoria,http://www.peoriagov.org/fire-department/, , , ,1,10/4/2016 0:00:00,COP\jbiller,GISDATA,1/5/2017 0:00:00,GISDATA,1/5/2017 0:00:00,12230.240524900000000,8329331.936090000000000,1,61615,0.000000000000000,0,0,0,1000,0,0,40.746817299999996,0,-89.641499699999997,0,13,1,2094,1,0,202000000000.000000000000000,40.742404999999998,-89.643438000000003
115,115,115,1303,Fire Station 13,City of Peoria,http://www.peoriagov.org/fire-department/, , , ,1,10/4/2016 0:00:00,COP\jbiller,GISDATA,1/5/2017 0:00:00,GISDATA,1/5/2017 0:00:00,14464.612750900000000,8484805.792269999200000,28,1725153,144.000000000000000,21,189,250,143207,2,560,1140.893032700000000,5960,-2509.592742100000100,0,315,1,2094,1,0,202000000000.000000000000000,40.748375000000003,-89.631642999999997
116,116,116,1302,Fire Station 13,City of Peoria,http://www.peoriagov.org/fire-department/, , , ,1,10/4/2016 0:00:00,COP\jbiller,GISDATA,1/5/2017 0:00:00,GISDATA,1/5/2017 0:00:00,10712.574180600001000,4332998.117890000300000,15,924212,56.000000000000000,7,135,180,235978,0,489,611.250357700000000,10002,-1344.519252200000000,0,152,1,2094,1,0,202000000000.000000000000000,40.748364199999997,-89.640362400000001
117,117,117,1301,Fire Station 13,City of Peoria,http://www.peoriagov.org/fire-department/, , , ,1,10/4/2016 0:00:00,COP\jbiller,GISDATA,1/5/2017 0:00:00,GISDATA,1/5/2017 0:00:00,10157.974588400000000,2195587.182330000200000,0,0,0.000000000000000,0,0,0,0,0,0,0.000000000000000,0,0.000000000000000,0,0,1,2094,1,0,202000000000.000000000000000,40.754556999999998,-89.639757000000003
118,118,118,1616,Fire Station 16,City of Peoria,http://www.peoriagov.org/fire-department/, , , ,1,10/4/2016 0:00:00,COP\jbiller,GISDATA,1/5/2017 0:00:00,GISDATA,1/5/2017 0:00:00,12293.511551100000000,4959129.961790000100000,60,3696889,75.000000000000000,174,230,45,1135700,510,0,2445.527126399999800,0,-5378.563806299999700,0,960,0,0,0,0,0.000000000000000,0.000000000000000,0.000000000000000
119,119,119,1646,Fire Station 16,City of Peoria,http://www.peoriagov.org/fire-department/, , , ,1,1/5/2017 0:00:00,COP\jbiller,GISDATA,1/5/2017 0:00:00,GISDATA,1/5/2017 0:00:00,14216.605684500000000,5005205.568860000000000,0,0,0.000000000000000,0,0,0,0,0,0,0.000000000000000,0,0.000000000000000,0,0,0,0,0,0,0.000000000000000,0.000000000000000,0.000000000000000
120,120,120,1626,Fire Station 16,City of Peoria,http://www.peoriagov.org/fire-department/, , , ,1,1/5/2017 0:00:00,COP\jbiller,GISDATA,1/5/2017 0:00:00,GISDATA,1/5/2017 0:00:00,12321.971352000000000,3022604.221789999900000,1,61614,0.000000000000000,0,0,0,0,0,0,40.752149000000003,2018,-89.629465900000000,0,16,1,2094,1,0,202000000000.000000000000000,40.752203999999999,-89.633425000000003
121,121,121,1632,Fire Station 16,City of Peoria,http://www.peoriagov.org/fire-department/, , , ,1,1/5/2017 0:00:00,COP\jbiller,GISDATA,1/5/2017 0:00:00,GISDATA,1/5/2017 0:00:00,10491.580473000000000,6406172.517559999600000,2,123228,0.000000000000000,1,110,85,9350,0,2,81.510193599999994,1966,-179.223167100000010,0,32,4,8376,4,0,808000000000.000000000000000,163.015191200000000,-358.435754900000010
122,122,122,1645,Fire Station 16,City of Peoria,http://www.peoriagov.org/fire-department/, , , ,1,1/5/2017 0:00:00,COP\jbiller,GISDATA,1/5/2017 0:00:00,GISDATA,1/5/2017 0:00:00,17368.141778199999000,7636196.231999999800000,20,1232269,64.000000000000000,15,196,350,30196,4,171,815.159510200000000,0,-1791.836931399999900,0,256,0,0,0,0,0.000000000000000,0.000000000000000,0.000000000000000
123,123,123,1625,Fire Station 16,City of Peoria,http://www.peoriagov.org/fire-department/, , , ,1,1/5/2017 0:00:00,COP\jbiller,GISDATA,1/5/2017 0:00:00,GISDATA,1/5/2017 0:00:00,12992.703720500000000,6642415.358690000100000,2,123229,0.000000000000000,4,0,0,82500,0,0,81.512524900000003,0,-179.272364500000010,0,35,0,0,0,0,0.000000000000000,0.000000000000000,0.000000000000000
124,124,124,1631,Fire Station 16,City of Peoria,http://www.peoriagov.org/fire-department/, , , ,1,1/5/2017 0:00:00,COP\jbiller,GISDATA,1/5/2017 0:00:00,GISDATA,1/5/2017 0:00:00,10852.650836000001000,6211916.161299999800000,5,308070,0.000000000000000,2,0,0,38000,0,272,203.769547800000000,7880,-448.060737800000030,0,67,1,2094,1,0,202000000000.000000000000000,40.757552900000000,-89.616830899999997
125,125,125,1628,Fire Station 16,City of Peoria,http://www.peoriagov.org/fire-department/, , , ,1,1/5/2017 0:00:00,COP\jbiller,GISDATA,1/5/2017 0:00:00,GISDATA,1/5/2017 0:00:00,5608.223615240000100,1788533.386680000000000,0,0,0.000000000000000,0,0,0,0,0,0,0.000000000000000,0,0.000000000000000,0,0,1,2094,1,0,202000000000.000000000000000,40.756551000000002,-89.620986000000002
126,126,126,1627,Fire Station 16,City of Peoria,http://www.peoriagov.org/fire-department/, , , ,1,1/5/2017 0:00:00,COP\jbiller,GISDATA,1/5/2017 0:00:00,GISDATA,1/5/2017 0:00:00,8900.058293649999500,4254233.074620000100000,6,369684,120.000000000000000,12,0,0,198866,68,343,244.562058900000010,11815,-537.743080299999970,0,96,0,0,0,0,0.000000000000000,0.000000000000000,0.000000000000000
127,127,127,1630,Fire Station 16,City of Peoria,http://www.peoriagov.org/fire-department/, , , ,1,1/5/2017 0:00:00,COP\jbiller,GISDATA,1/5/2017 0:00:00,GISDATA,1/5/2017 0:00:00,7928.937352060000200,3213666.604770000100000,9,554526,12.000000000000000,11,60,60,133500,20,371,366.848596100000010,9829,-806.565995300000050,0,144,1,2094,1,0,202000000000.000000000000000,40.760240000000003,-89.615795000000006
128,128,128,1636,Fire Station 16,City of Peoria,http://www.peoriagov.org/fire-department/, , , ,1,1/5/2017 0:00:00,COP\jbiller,GISDATA,1/5/2017 0:00:00,GISDATA,1/5/2017 0:00:00,11326.404469900001000,5073483.925889999600000,4,246456,90.000000000000000,7,935,590,180025,14,254,163.054546600000010,1963,-358.421606699999980,0,64,0,0,0,0,0.000000000000000,0.000000000000000,0.000000000000000
129,129,129,1642,Fire Station 16,City of Peoria,http://www.peoriagov.org/fire-department/, , , ,1,1/5/2017 0:00:00,COP\jbiller,GISDATA,1/5/2017 0:00:00,GISDATA,1/5/2017 0:00:00,10251.554455699999000,6712598.849689999600000,5,308059,0.000000000000000,3,0,0,9201,0,314,203.790771100000000,0,-447.985498000000010,0,80,0,0,0,0,0.000000000000000,0.000000000000000,0.000000000000000
130,130,130,1641,Fire Station 16,City of Peoria,http://www.peoriagov.org/fire-department/, , , ,1,1/5/2017 0:00:00,COP\jbiller,GISDATA,1/5/2017 0:00:00,GISDATA,1/5/2017 0:00:00,8067.725560050000200,2560583.663029999900000,2,123228,0.000000000000000,3,0,0,38445,1,447,81.531286199999997,1959,-179.194100700000010,0,32,0,0,0,0,0.000000000000000,0.000000000000000,0.000000000000000
131,131,131,1640,Fire Station 16,City of Peoria,http://www.peoriagov.org/fire-department/, , , ,1,1/5/2017 0:00:00,COP\jbiller,GISDATA,1/5/2017 0:00:00,GISDATA,1/5/2017 0:00:00,7380.502616339999800,2152682.711840000000000,1,61614,20.000000000000000,2,30,90,5400,0,0,40.767631999999999,0,-89.602253000000005,0,16,0,0,0,0,0.000000000000000,0.000000000000000,0.000000000000000
132,132,132,1635,Fire Station 16,City of Peoria,http://www.peoriagov.org/fire-department/, , , ,1,1/5/2017 0:00:00,COP\jbiller,GISDATA,1/5/2017 0:00:00,GISDATA,1/5/2017 0:00:00,8357.620829139999800,3681023.265310000200000,2,123228,0.000000000000000,1,0,0,0,0,0,81.523719700000001,2014,-179.222916500000000,0,16,1,2094,1,0,202000000000.000000000000000,40.767814999999999,-89.610225999999997
133,133,133,1617,Fire Station 16,City of Peoria,http://www.peoriagov.org/fire-department/, , , ,1,1/5/2017 0:00:00,COP\jbiller,GISDATA,1/5/2017 0:00:00,GISDATA,1/5/2017 0:00:00,11335.041235999999000,6239749.551830000200000,1,61614,0.000000000000000,0,0,0,0,0,0,40.761203000000002,0,-89.635731000000007,0,0,0,0,0,0,0.000000000000000,0.000000000000000,0.000000000000000
134,134,134,1604,Fire Station 16,City of Peoria,http://www.peoriagov.org/fire-department/, , , ,1,1/5/2017 0:00:00,COP\jbiller,GISDATA,1/5/2017 0:00:00,GISDATA,1/5/2017 0:00:00,10220.105733799999000,4816218.251190000200000,0,0,0.000000000000000,0,0,0,0,0,0,0.000000000000000,0,0.000000000000000,0,0,0,0,0,0,0.000000000000000,0.000000000000000,0.000000000000000
135,135,135,1639,Fire Station 16,City of Peoria,http://www.peoriagov.org/fire-department/, , , ,1,1/5/2017 0:00:00,COP\jbiller,GISDATA,1/5/2017 0:00:00,GISDATA,1/5/2017 0:00:00,3814.640224130000200,685372.955776000050000,0,0,0.000000000000000,0,0,0,0,0,0,0.000000000000000,0,0.000000000000000,0,0,0,0,0,0,0.000000000000000,0.000000000000000,0.000000000000000
136,136,136,1605,Fire Station 16,City of Peoria,http://www.peoriagov.org/fire-department/, , , ,1,1/5/2017 0:00:00,COP\jbiller,GISDATA,1/5/2017 0:00:00,GISDATA,1/5/2017 0:00:00,12672.134668999999000,8050218.132050000100000,8,492919,20.000000000000000,3,46,37,5204,3,99,326.202674699999990,0,-717.142616100000050,0,149,0,0,0,0,0.000000000000000,0.000000000000000,0.000000000000000
137,137,137,1619,Fire Station 16,City of Peoria,http://www.peoriagov.org/fire-department/, , , ,1,1/5/2017 0:00:00,COP\jbiller,GISDATA,1/5/2017 0:00:00,GISDATA,1/5/2017 0:00:00,8821.282485109999500,4601618.649129999800000,9,554532,38.000000000000000,9,315,540,71200,2,320,366.975569899999980,1973,-806.699516099999980,3000000,128,1,2094,1,0,202000000000.000000000000000,40.775889700000000,-89.636489699999998
138,138,138,1621,Fire Station 16,City of Peoria,http://www.peoriagov.org/fire-department/, , , ,1,1/5/2017 0:00:00,COP\jbiller,GISDATA,1/5/2017 0:00:00,GISDATA,1/5/2017 0:00:00,18031.882080100000000,12184916.867699999000000,46,2834253,50.000000000000000,8,332,2248,192056,0,303,1875.834879800000000,4007,-4122.739569299999900,0,668,1,2094,1,0,202000000000.000000000000000,40.776840999999997,-89.637693999999996
139,139,139,1919,Fire Station 19,City of Peoria,http://www.peoriagov.org/fire-department/, , , ,1,1/5/2017 0:00:00,COP\jbiller,GISDATA,1/5/2017 0:00:00,GISDATA,1/5/2017 0:00:00,22836.348816000002000,19325023.106199998000000,1,61615,0.000000000000000,0,0,0,0,0,0,40.749105600000000,0,-89.652432899999994,0,0,0,0,0,0,0.000000000000000,0.000000000000000,0.000000000000000
140,140,140,1917,Fire Station 19,City of Peoria,http://www.peoriagov.org/fire-department/, , , ,1,1/5/2017 0:00:00,COP\jbiller,GISDATA,1/5/2017 0:00:00,GISDATA,1/5/2017 0:00:00,16382.403922300000000,9706800.059629999100000,0,0,0.000000000000000,0,0,0,0,0,0,0.000000000000000,0,0.000000000000000,0,0,0,0,0,0,0.000000000000000,0.000000000000000,0.000000000000000
141,141,141,1905,Fire Station 19,City of Peoria,http://www.peoriagov.org/fire-department/, , , ,1,1/5/2017 0:00:00,COP\jbiller,GISDATA,1/5/2017 0:00:00,GISDATA,1/5/2017 0:00:00,8969.378307839999300,4006571.257280000000000,0,0,0.000000000000000,0,0,0,0,0,0,0.000000000000000,0,0.000000000000000,0,0,1,2094,1,0,202000000000.000000000000000,40.755969000000000,-89.678337999999997
142,142,142,1912,Fire Station 19,City of Peoria,http://www.peoriagov.org/fire-department/, , , ,1,1/5/2017 0:00:00,COP\jbiller,GISDATA,1/5/2017 0:00:00,GISDATA,1/5/2017 0:00:00,13138.878679900001000,5868276.433950000400000,4,246458,40.000000000000000,4,130,125,12375,0,180,163.044804500000000,3973,-358.606985399999990,0,57,1,2094,1,0,202000000000.000000000000000,40.760041999999999,-89.652674000000005
143,143,143,1906,Fire Station 19,City of Peoria,http://www.peoriagov.org/fire-department/, , , ,1,1/5/2017 0:00:00,COP\jbiller,GISDATA,1/5/2017 0:00:00,GISDATA,1/5/2017 0:00:00,9892.596199769999700,5404498.284880000200000,1,61615,0.000000000000000,2,0,0,48600,0,414,40.756697000000003,1979,-89.674586000000005,0,19,1,2094,1,0,202000000000.000000000000000,40.758046999999998,-89.677036999999999
144,144,144,1907,Fire Station 19,City of Peoria,http://www.peoriagov.org/fire-department/, , , ,1,1/5/2017 0:00:00,COP\jbiller,GISDATA,1/5/2017 0:00:00,GISDATA,1/5/2017 0:00:00,16132.868551899999000,7783248.177659999600000,5,308075,20.000000000000000,5,50,50,83800,8,457,203.792941200000000,6002,-448.306859700000020,0,95,3,6282,3,0,606000000000.000000000000000,122.277911000000000,-268.994399999999980
145,145,145,1910,Fire Station 19,City of Peoria,http://www.peoriagov.org/fire-department/, , , ,1,1/5/2017 0:00:00,COP\jbiller,GISDATA,1/5/2017 0:00:00,GISDATA,1/5/2017 0:00:00,9606.034027249999800,5278252.644569999500000,6,369687,105.000000000000000,8,220,200,87000,0,230,244.589698700000010,3976,-537.935918799999970,0,114,0,0,0,0,0.000000000000000,0.000000000000000,0.000000000000000
146,146,146,1904,Fire Station 19,City of Peoria,http://www.peoriagov.org/fire-department/, , , ,1,1/5/2017 0:00:00,COP\jbiller,GISDATA,1/5/2017 0:00:00,GISDATA,1/5/2017 0:00:00,13468.493397599999000,8591457.764939999200000,1,61602,0.000000000000000,0,0,0,0,0,0,40.763419800000001,0,-89.674651999999995,0,0,0,0,0,0,0.000000000000000,0.000000000000000,0.000000000000000
147,147,147,1911,Fire Station 19,City of Peoria,http://www.peoriagov.org/fire-department/, , , ,1,1/5/2017 0:00:00,COP\jbiller,GISDATA,1/5/2017 0:00:00,GISDATA,1/5/2017 0:00:00,10482.330228800000000,5780605.160770000000000,5,308073,27.000000000000000,3,100,180,28000,0,130,203.848111899999990,0,-448.272565699999970,0,95,0,0,0,0,0.000000000000000,0.000000000000000,0.000000000000000
148,148,148,1908,Fire Station 19,City of Peoria,http://www.peoriagov.org/fire-department/, , , ,1,1/5/2017 0:00:00,COP\jbiller,GISDATA,1/5/2017 0:00:00,GISDATA,1/5/2017 0:00:00,8888.024880999999400,4426827.977540000300000,0,0,0.000000000000000,0,0,0,0,0,0,0.000000000000000,0,0.000000000000000,0,0,1,2094,1,0,202000000000.000000000000000,40.764664000000003,-89.666381000000001
149,149,149,1903,Fire Station 19,City of Peoria,http://www.peoriagov.org/fire-department/, , , ,1,1/5/2017 0:00:00,COP\jbiller,GISDATA,1/5/2017 0:00:00,GISDATA,1/5/2017 0:00:00,16840.681267799999000,10489299.713000000000000,1,61615,0.000000000000000,0,0,0,0,0,0,40.778118200000002,0,-89.686899199999999,0,19,0,0,0,0,0.000000000000000,0.000000000000000,0.000000000000000
150,150,150,1909,Fire Station 19,City of Peoria,http://www.peoriagov.org/fire-department/, , , ,1,1/5/2017 0:00:00,COP\jbiller,GISDATA,1/5/2017 0:00:00,GISDATA,1/5/2017 0:00:00,12600.829029000000000,6782457.918929999700000,23,1417162,510.000000000000000,38,163,247,358386,84,127,937.693494600000010,1997,-2062.150098399999900,0,400,0,0,0,0,0.000000000000000,0.000000000000000,0.000000000000000
151,151,151,1913,Fire Station 19,City of Peoria,http://www.peoriagov.org/fire-department/, , , ,1,1/5/2017 0:00:00,COP\jbiller,GISDATA,1/5/2017 0:00:00,GISDATA,1/5/2017 0:00:00,14199.891871399999000,8132644.201949999700000,23,1417145,443.000000000000000,35,2961,1901,596086,423,294,937.771145100000010,24006,-2062.496686099999800,0,418,0,0,0,0,0.000000000000000,0.000000000000000,0.000000000000000
152,152,152,1923,Fire Station 19,City of Peoria,http://www.peoriagov.org/fire-department/, , , ,1,1/5/2017 0:00:00,COP\jbiller,GISDATA,1/5/2017 0:00:00,GISDATA,1/5/2017 0:00:00,10633.423615899999000,7065353.147839999800000,0,0,0.000000000000000,0,0,0,0,0,0,0.000000000000000,0,0.000000000000000,0,0,3,6282,4,0,606000000000.000000000000000,122.323214500000010,-269.070483799999980
153,153,153,1920,Fire Station 19,City of Peoria,http://www.peoriagov.org/fire-department/, , , ,1,1/5/2017 0:00:00,COP\jbiller,GISDATA,1/5/2017 0:00:00,GISDATA,1/5/2017 0:00:00,37730.747017800000000,26931014.284100000000000,9,554535,65.000000000000000,6,265,360,183600,12,0,367.154223100000020,4034,-807.019341500000000,0,77,0,0,0,0,0.000000000000000,0.000000000000000,0.000000000000000
154,154,154,1901,Fire Station 19,City of Peoria,http://www.peoriagov.org/fire-department/, , , ,1,1/5/2017 0:00:00,COP\jbiller,GISDATA,1/5/2017 0:00:00,GISDATA,1/5/2017 0:00:00,49112.583111499996000,20334468.535000000000000,11,677754,111.000000000000000,9,565,935,351808,0,593,448.594550200000010,14110,-986.488372499999970,0,191,0,0,0,0,0.000000000000000,0.000000000000000,0.000000000000000
155,155,155,2005,Fire Station 20,City of Peoria,http://www.peoriagov.org/fire-department/, , , ,1,10/4/2016 0:00:00,COP\jbiller,GISDATA,1/5/2017 0:00:00,GISDATA,1/5/2017 0:00:00,22032.433777800001000,13041897.280400001000000,15,924135,157.000000000000000,12,415,1598,291247,8,77,611.928091699999980,4016,-1344.496951300000100,0,300,0,0,0,0,0.000000000000000,0.000000000000000,0.000000000000000
156,156,156,2024,Fire Station 20,City of Peoria,http://www.peoriagov.org/fire-department/, , , ,1,10/4/2016 0:00:00,COP\jbiller,GISDATA,1/5/2017 0:00:00,GISDATA,1/5/2017 0:00:00,9401.872191410000600,5175692.401420000000000,25,1540375,111.000000000000000,10,828,1039,309507,2,758,1019.875058100000000,0,-2240.677216399999900,1606770,380,0,0,0,0,0.000000000000000,0.000000000000000,0.000000000000000
157,157,157,2004,Fire Station 20,City of Peoria,http://www.peoriagov.org/fire-department/, , , ,1,10/4/2016 0:00:00,COP\jbiller,GISDATA,1/5/2017 0:00:00,GISDATA,1/5/2017 0:00:00,12380.545271400000000,4850253.759469999900000,3,184731,30.000000000000000,2,0,0,4051,5,90,122.423194400000000,0,-268.839336800000010,0,60,3,6282,3,0,606000000000.000000000000000,122.421124699999990,-268.856500200000030
158,158,158,2003,Fire Station 20,City of Peoria,http://www.peoriagov.org/fire-department/, , , ,1,10/4/2016 0:00:00,COP\jbiller,GISDATA,1/5/2017 0:00:00,GISDATA,1/5/2017 0:00:00,9703.246818429999600,2711254.744810000100000,0,0,0.000000000000000,0,0,0,0,0,0,0.000000000000000,0,0.000000000000000,0,0,0,0,0,0,0.000000000000000,0.000000000000000,0.000000000000000
159,159,159,2006,Fire Station 20,City of Peoria,http://www.peoriagov.org/fire-department/, , , ,1,10/4/2016 0:00:00,COP\jbiller,GISDATA,1/5/2017 0:00:00,GISDATA,1/5/2017 0:00:00,19504.028280200000000,6730334.090800000400000,1,61615,12.000000000000000,1,80,325,26000,0,0,40.807635200000000,0,-89.630927099999994,0,20,0,0,0,0,0.000000000000000,0.000000000000000,0.000000000000000
160,160,160,2001,Fire Station 20,City of Peoria,http://www.peoriagov.org/fire-department/, , , ,1,10/4/2016 0:00:00,COP\jbiller,GISDATA,1/5/2017 0:00:00,GISDATA,1/5/2017 0:00:00,11551.939934599999000,6286310.119719999800000,0,0,0.000000000000000,0,0,0,0,0,0,0.000000000000000,0,0.000000000000000,0,0,0,0,0,0,0.000000000000000,0.000000000000000,0.000000000000000
161,161,161,2015,Fire Station 20,City of Peoria,http://www.peoriagov.org/fire-department/, , , ,1,10/4/2016 0:00:00,COP\jbiller,GISDATA,1/5/2017 0:00:00,GISDATA,1/5/2017 0:00:00,10998.101249800000000,7364155.322019999800000,2,123230,0.000000000000000,0,0,0,0,0,0,81.632012300000000,0,-179.256912699999990,0,20,0,0,0,0,0.000000000000000,0.000000000000000,0.000000000000000
162,162,162,2016,Fire Station 20,City of Peoria,http://www.peoriagov.org/fire-department/, , , ,1,10/4/2016 0:00:00,COP\jbiller,GISDATA,1/5/2017 0:00:00,GISDATA,1/5/2017 0:00:00,27941.199981599999000,17244552.522999998000000,0,0,0.000000000000000,0,0,0,0,0,0,0.000000000000000,0,0.000000000000000,0,0,0,0,0,0,0.000000000000000,0.000000000000000,0.000000000000000
163,163,163,2014,Fire Station 20,City of Peoria,http://www.peoriagov.org/fire-department/, , , ,1,10/4/2016 0:00:00,COP\jbiller,GISDATA,1/5/2017 0:00:00,GISDATA,1/5/2017 0:00:00,11962.432483200000000,5795877.929250000000000,14,862610,159.000000000000000,12,527,805,101605,2,397,571.421217400000050,22176,-1254.601887800000000,0,280,0,0,0,0,0.000000000000000,0.000000000000000,0.000000000000000
164,164,164,2023,Fire Station 20,City of Peoria,http://www.peoriagov.org/fire-department/, , , ,1,10/4/2016 0:00:00,COP\jbiller,GISDATA,1/5/2017 0:00:00,GISDATA,1/5/2017 0:00:00,13735.709478400000000,10295958.480900001000000,0,0,0.000000000000000,0,0,0,0,0,0,0.000000000000000,0,0.000000000000000,0,0,0,0,0,0,0.000000000000000,0.000000000000000,0.000000000000000
165,165,165,2008,Fire Station 20,City of Peoria,http://www.peoriagov.org/fire-department/, , , ,1,10/4/2016 0:00:00,COP\jbiller,GISDATA,1/5/2017 0:00:00,GISDATA,1/5/2017 0:00:00,20985.936412300001000,13024195.917900000000000,1,61525,0.000000000000000,2,0,0,135000,0,0,40.826755499999997,2011,-89.632165400000005,0,20,1,2094,1,0,202000000000.000000000000000,40.822190999999997,-89.631522000000004
166,166,166,2020,Fire Station 20,City of Peoria,http://www.peoriagov.org/fire-department/, , , ,1,10/4/2016 0:00:00,COP\jbiller,GISDATA,1/5/2017 0:00:00,GISDATA,1/5/2017 0:00:00,12810.650833300000000,6939044.508960000200000,17,1046105,25.000000000000000,1,0,0,15000,0,5,694.064869800000000,0,-1523.503978799999900,0,340,2,4188,2,0,404000000000.000000000000000,81.654696700000002,-179.233642500000000
167,167,167,2021,Fire Station 20,City of Peoria,http://www.peoriagov.org/fire-department/, , , ,1,10/4/2016 0:00:00,COP\jbiller,GISDATA,1/5/2017 0:00:00,GISDATA,1/5/2017 0:00:00,16663.504756800001000,9826141.211139999300000,1,61525,0.000000000000000,0,0,0,0,0,0,40.821596900000003,0,-89.623084800000001,0,20,0,0,0,0,0.000000000000000,0.000000000000000,0.000000000000000
168,168,168,2019,Fire Station 20,City of Peoria,http://www.peoriagov.org/fire-department/, , , ,1,10/4/2016 0:00:00,COP\jbiller,GISDATA,1/5/2017 0:00:00,GISDATA,1/5/2017 0:00:00,13545.830521399999000,8631474.687370000400000,0,0,0.000000000000000,0,0,0,0,0,0,0.000000000000000,0,0.000000000000000,0,0,0,0,0,0,0.000000000000000,0.000000000000000,0.000000000000000
169,169,169,1505,Fire Station 15,City of Peoria,http://www.peoriagov.org/fire-department/, , , ,1,10/4/2016 0:00:00,COP\jbiller,CKOHLER,3/20/2017 0:00:00,CKOHLER,3/20/2017 0:00:00,10086.085531200000000,4972767.012410000000000,0,0,0.000000000000000,0,0,0,0,0,0,0.000000000000000,0,0.000000000000000,0,0,0,0,0,0,0.000000000000000,0.000000000000000,0.000000000000000
170,170,170,1523,Fire Station 15,City of Peoria,http://www.peoriagov.org/fire-department/, , , ,1,10/4/2016 0:00:00,COP\jbiller,CKOHLER,3/20/2017 0:00:00,CKOHLER,3/20/2017 0:00:00,10894.215953400000000,6963097.506609999600000,0,0,0.000000000000000,0,0,0,0,0,0,0.000000000000000,0,0.000000000000000,0,0,0,0,0,0,0.000000000000000,0.000000000000000,0.000000000000000
171,171,171,1522,Fire Station 15,City of Peoria,http://www.peoriagov.org/fire-department/, , , ,1,10/4/2016 0:00:00,COP\jbiller,CKOHLER,3/20/2017 0:00:00,CKOHLER,3/20/2017 0:00:00,7222.090986160000300,2424573.760859999800000,0,0,0.000000000000000,0,0,0,0,0,0,0.000000000000000,0,0.000000000000000,0,0,0,0,0,0,0.000000000000000,0.000000000000000,0.000000000000000
172,172,172,1512,Fire Station 15,City of Peoria,http://www.peoriagov.org/fire-department/, , , ,1,10/4/2016 0:00:00,COP\jbiller,CKOHLER,3/20/2017 0:00:00,CKOHLER,3/20/2017 0:00:00,7373.446469030000100,2919485.302120000100000,18,1109052,250.000000000000000,22,0,0,348000,72,825,733.975551300000010,0,-1612.892663399999900,0,270,1,2094,1,0,202000000000.000000000000000,40.773375999999999,-89.602941000000001
173,173,173,1507,Fire Station 15,City of Peoria,http://www.peoriagov.org/fire-department/, , , ,1,10/4/2016 0:00:00,COP\jbiller,CKOHLER,3/20/2017 0:00:00,CKOHLER,3/20/2017 0:00:00,15662.212489400001000,6764574.678790000300000,64,3943330,763.000000000000000,50,770,1140,426525,309,775,2610.034107999999800,11997,-5735.523928499999800,0,934,3,6282,3,0,606000000000.000000000000000,122.343470000000000,-268.857894999999980
174,174,174,1503,Fire Station 15,City of Peoria,http://www.peoriagov.org/fire-department/, , , ,1,10/4/2016 0:00:00,COP\jbiller,CKOHLER,3/20/2017 0:00:00,CKOHLER,3/20/2017 0:00:00,10692.668602500000000,6995857.005850000300000,31,1910059,75.000000000000000,10,600,495,1381001,1,34,1264.363660700000100,3988,-2778.446387999999800,0,441,0,0,0,0,0.000000000000000,0.000000000000000,0.000000000000000
175,175,175,1510,Fire Station 15,City of Peoria,http://www.peoriagov.org/fire-department/, , , ,1,10/4/2016 0:00:00,COP\jbiller,CKOHLER,3/20/2017 0:00:00,CKOHLER,3/20/2017 0:00:00,22860.108480100000000,7589301.923619999600000,3,184845,25.000000000000000,6,0,0,134400,86,0,122.398790000000010,2000,-268.832058200000010,0,45,0,0,0,0,0.000000000000000,0.000000000000000,0.000000000000000
176,176,176,1514,Fire Station 15,City of Peoria,http://www.peoriagov.org/fire-department/, , , ,1,10/4/2016 0:00:00,COP\jbiller,CKOHLER,3/20/2017 0:00:00,CKOHLER,3/20/2017 0:00:00,11670.671914000000000,8084680.804419999900000,25,1540341,192.000000000000000,12,450,830,125600,0,620,1019.690729400000000,0,-2240.183225700000100,0,330,1,2094,1,0,202000000000.000000000000000,40.789481000000002,-89.606384000000006
177,177,177,1524,Fire Station 15,City of Peoria,http://www.peoriagov.org/fire-department/, , , ,1,10/4/2016 0:00:00,COP\jbiller,CKOHLER,3/20/2017 0:00:00,CKOHLER,3/20/2017 0:00:00,11522.065534600000000,7777923.761789999900000,1,61614,0.000000000000000,0,0,0,0,0,0,40.785180699999998,0,-89.602384700000002,0,15,1,2094,1,0,202000000000.000000000000000,40.786814999999997,-89.597516999999996
178,178,178,1525,Fire Station 15,City of Peoria,http://www.peoriagov.org/fire-department/, , , ,1,10/4/2016 0:00:00,COP\jbiller,CKOHLER,3/20/2017 0:00:00,CKOHLER,3/20/2017 0:00:00,11745.539987500000000,6068151.144059999800000,6,369690,73.000000000000000,6,410,354,16026,0,75,244.746079900000010,0,-537.616509400000040,0,90,0,0,0,0,0.000000000000000,0.000000000000000,0.000000000000000
179,179,179,1526,Fire Station 15,City of Peoria,http://www.peoriagov.org/fire-department/, , , ,1,10/4/2016 0:00:00,COP\jbiller,CKOHLER,3/20/2017 0:00:00,CKOHLER,3/20/2017 0:00:00,6657.144026410000200,2170409.195050000200000,0,0,0.000000000000000,0,0,0,0,0,0,0.000000000000000,0,0.000000000000000,0,0,0,0,0,0,0.000000000000000,0.000000000000000,0.000000000000000
180,180,180,1527,Fire Station 15,City of Peoria,http://www.peoriagov.org/fire-department/, , , ,1,10/4/2016 0:00:00,COP\jbiller,CKOHLER,3/20/2017 0:00:00,CKOHLER,3/20/2017 0:00:00,9755.598420820000700,3412198.060320000200000,0,0,0.000000000000000,0,0,0,0,0,0,0.000000000000000,0,0.000000000000000,0,0,0,0,0,0,0.000000000000000,0.000000000000000,0.000000000000000
181,181,181,1528,Fire Station 15,City of Peoria,http://www.peoriagov.org/fire-department/, , , ,1,10/4/2016 0:00:00,COP\jbiller,CKOHLER,3/20/2017 0:00:00,CKOHLER,3/20/2017 0:00:00,8594.704070109999500,4141616.357700000100000,0,0,0.000000000000000,0,0,0,0,0,0,0.000000000000000,0,0.000000000000000,0,0,0,0,0,0,0.000000000000000,0.000000000000000,0.000000000000000
182,182,182,102,Fire Central,City of Peoria,http://www.peoriagov.org/fire-department/, , , ,1,10/4/2016 0:00:00,COP\jbiller,GISDATA,1/5/2017 0:00:00,GISDATA,1/5/2017 0:00:00,9218.585819179999800,3889113.465770000100000,64,3942560,230.000000000000000,89,155,233,2451261,400,1828,2604.265889299999800,9904,-5733.859468400000000,0,71,4,8376,4,0,808000000000.000000000000000,162.766043000000000,-358.366543999999980
183,183,183,104,Fire Central,City of Peoria,http://www.peoriagov.org/fire-department/, , , ,1,10/4/2016 0:00:00,COP\jbiller,GISDATA,1/5/2017 0:00:00,GISDATA,1/5/2017 0:00:00,7353.440502610000300,2430087.823210000100000,25,1540059,245.000000000000000,71,491,651,2698942,113,1745,1017.344277800000000,5866,-2239.743644499999800,0,24,1,2094,1,0,202000000000.000000000000000,40.693410999999998,-89.587633999999994
184,184,184,110,Fire Central,City of Peoria,http://www.peoriagov.org/fire-department/, , , ,1,10/4/2016 0:00:00,COP\jbiller,GISDATA,1/5/2017 0:00:00,GISDATA,1/5/2017 0:00:00,7246.080870320000000,2984028.298400000200000,8,492823,20.000000000000000,5,40,250,28600,40,65,325.665791399999990,0,-716.755596999999970,0,24,0,0,0,0,0.000000000000000,0.000000000000000,0.000000000000000
185,185,185,111,Fire Central,City of Peoria,http://www.peoriagov.org/fire-department/, , , ,1,10/4/2016 0:00:00,COP\jbiller,GISDATA,1/5/2017 0:00:00,GISDATA,1/5/2017 0:00:00,7997.908905850000300,2311033.460980000000000,11,677633,67.000000000000000,10,325,678,102130,75,69,447.682651099999990,3947,-985.411743099999970,0,20,0,0,0,0,0.000000000000000,0.000000000000000,0.000000000000000
186,186,186,201,Fire Station 2,City of Peoria,http://www.peoriagov.org/fire-department/, , , ,1,10/4/2016 0:00:00,COP\jbiller,GISDATA,1/5/2017 0:00:00,GISDATA,1/5/2017 0:00:00,10684.315398600000000,3149208.927430000200000,15,924075,36.000000000000000,10,180,350,73900,0,285,610.237991299999980,2017,-1344.066032400000000,0,47,0,0,0,0,0.000000000000000,0.000000000000000,0.000000000000000
187,187,187,202,Fire Station 2,City of Peoria,http://www.peoriagov.org/fire-department/, , , ,1,10/4/2016 0:00:00,COP\jbiller,GISDATA,1/5/2017 0:00:00,GISDATA,1/5/2017 0:00:00,6464.322788460000100,2225529.337090000000000,5,308025,50.000000000000000,7,0,0,9975,44,0,203.423708699999990,0,-448.001228299999980,0,40,0,0,0,0,0.000000000000000,0.000000000000000,0.000000000000000
188,188,188,205,Fire Station 2,City of Peoria,http://www.peoriagov.org/fire-department/, , , ,1,10/4/2016 0:00:00,COP\jbiller,GISDATA,1/5/2017 0:00:00,GISDATA,1/5/2017 0:00:00,4322.242193180000000,938561.655693999960000,16,985652,135.000000000000000,15,255,440,140825,0,902,650.970647300000000,0,-1433.534073000000000,0,90,0,0,0,0,0.000000000000000,0.000000000000000,0.000000000000000
189,189,189,418,Fire Station 4,City of Peoria,http://www.peoriagov.org/fire-department/, , , ,1,10/4/2016 0:00:00,COP\jbiller,GISDATA,1/5/2017 0:00:00,GISDATA,1/5/2017 0:00:00,5253.510848089999900,1402604.690770000000000,0,0,0.000000000000000,0,0,0,0,0,0,0.000000000000000,0,0.000000000000000,0,0,0,0,0,0,0.000000000000000,0.000000000000000,0.000000000000000
190,190,190,304,Fire Station 3,City of Peoria,http://www.peoriagov.org/fire-department/, , , ,1,10/4/2016 0:00:00,COP\jbiller,GISDATA,1/5/2017 0:00:00,GISDATA,1/5/2017 0:00:00,13070.691837400000000,6471197.993459999600000,7,431228,0.000000000000000,0,0,0,0,0,0,284.950878400000020,0,-627.378185899999950,0,18,0,0,0,0,0.000000000000000,0.000000000000000,0.000000000000000
191,191,191,411,Fire Station 4,City of Peoria,http://www.peoriagov.org/fire-department/, , , ,1,10/4/2016 0:00:00,COP\jbiller,GISDATA,1/5/2017 0:00:00,GISDATA,1/5/2017 0:00:00,14745.326626800001000,9064394.659460000700000,1,61605,40.000000000000000,1,125,180,22500,3,70,40.660761999999998,1977,-89.623095000000006,0,4,0,0,0,0,0.000000000000000,0.000000000000000,0.000000000000000
192,192,192,416,Fire Station 4,City of Peoria,http://www.peoriagov.org/fire-department/, , , ,1,10/4/2016 0:00:00,COP\jbiller,GISDATA,1/5/2017 0:00:00,GISDATA,1/5/2017 0:00:00,7591.876075449999900,2406489.470530000000000,1,61605,0.000000000000000,0,0,0,0,0,0,40.673595300000002,0,-89.610987899999998,0,4,0,0,0,0,0.000000000000000,0.000000000000000,0.000000000000000
193,193,193,401,Fire Station 4,City of Peoria,http://www.peoriagov.org/fire-department/, , , ,1,10/4/2016 0:00:00,COP\jbiller,GISDATA,1/5/2017 0:00:00,GISDATA,1/5/2017 0:00:00,13942.055744600000000,8727999.250040000300000,4,246422,36.000000000000000,3,292,300,29200,2,0,162.642885900000010,0,-358.536390100000010,30500,16,0,0,0,0,0.000000000000000,0.000000000000000,0.000000000000000
194,194,194,1204,Fire Station 12,City of Peoria,http://www.peoriagov.org/fire-department/, , , ,1,10/4/2016 0:00:00,COP\jbiller,GISDATA,1/5/2017 0:00:00,CKOHLER,3/20/2017 0:00:00,11226.522047900000000,6000907.009519999800000,5,308048,54.000000000000000,4,267,400,59000,51,210,203.617185500000010,0,-447.778131799999980,0,48,0,0,0,0,0.000000000000000,0.000000000000000,0.000000000000000
195,195,195,1202,Fire Station 12,City of Peoria,http://www.peoriagov.org/fire-department/, , , ,1,10/4/2016 0:00:00,COP\jbiller,GISDATA,1/5/2017 0:00:00,CKOHLER,3/20/2017 0:00:00,9419.056767629999700,5141195.981920000200000,0,0,0.000000000000000,0,0,0,0,0,0,0.000000000000000,0,0.000000000000000,0,0,0,0,0,0,0.000000000000000,0.000000000000000,0.000000000000000
196,196,196,1209,Fire Station 12,City of Peoria,http://www.peoriagov.org/fire-department/, , , ,1,10/4/2016 0:00:00,COP\jbiller,GISDATA,1/5/2017 0:00:00,CKOHLER,3/20/2017 0:00:00,6589.448313889999600,2055472.606690000000000,4,246412,0.000000000000000,0,0,0,0,0,60,162.851492400000010,0,-358.247097100000020,0,16,0,0,0,0,0.000000000000000,0.000000000000000,0.000000000000000
197,197,197,1215,Fire Station 12,City of Peoria,http://www.peoriagov.org/fire-department/, , , ,1,10/4/2016 0:00:00,COP\jbiller,GISDATA,1/5/2017 0:00:00,CKOHLER,3/20/2017 0:00:00,10377.852513600001000,4052980.255040000200000,1,61614,12.000000000000000,1,50,20,1000,0,0,40.787273399999997,0,-89.574520199999995,0,0,0,0,0,0,0.000000000000000,0.000000000000000,0.000000000000000
198,198,198,1218,Fire Station 12,City of Peoria,http://www.peoriagov.org/fire-department/, , , ,1,10/4/2016 0:00:00,COP\jbiller,GISDATA,1/5/2017 0:00:00,CKOHLER,3/20/2017 0:00:00,8435.229402659999300,4148034.669739999800000,4,246456,57.000000000000000,5,550,900,810000,0,0,163.082417800000000,0,-358.300091800000020,0,48,0,0,0,0,0.000000000000000,0.000000000000000,0.000000000000000
199,199,199,1220,Fire Station 12,City of Peoria,http://www.peoriagov.org/fire-department/, , , ,1,10/4/2016 0:00:00,COP\jbiller,GISDATA,1/5/2017 0:00:00,CKOHLER,3/20/2017 0:00:00,11926.635779400000000,5907463.091219999800000,9,554526,75.000000000000000,7,250,450,151500,0,0,366.891293200000010,0,-806.140594699999950,0,96,0,0,0,0,0.000000000000000,0.000000000000000,0.000000000000000
200,200,200,1539,Fire Station 15,City of Peoria,http://www.peoriagov.org/fire-department/, , , ,1,10/4/2016 0:00:00,COP\jbiller,CKOHLER,3/20/2017 0:00:00,CKOHLER,3/20/2017 0:00:00,19938.066322600000000,9660472.352180000400000,0,0,0.000000000000000,0,0,0,0,0,0,0.000000000000000,0,0.000000000000000,0,0,0,0,0,0,0.000000000000000,0.000000000000000,0.000000000000000
201,201,201,1502,Fire Station 15,City of Peoria,http://www.peoriagov.org/fire-department/, , , ,1,10/4/2016 0:00:00,COP\jbiller,CKOHLER,3/20/2017 0:00:00,CKOHLER,3/20/2017 0:00:00,16002.963240200001000,10763294.610800000000000,1,61614,0.000000000000000,0,0,0,0,0,0,40.776334800000001,0,-89.602533600000001,0,15,0,0,0,0,0.000000000000000,0.000000000000000,0.000000000000000
202,202,202,1504,Fire Station 15,City of Peoria,http://www.peoriagov.org/fire-department/, , , ,1,10/4/2016 0:00:00,COP\jbiller,CKOHLER,3/20/2017 0:00:00,CKOHLER,3/20/2017 0:00:00,10635.980440699999000,6457654.153070000000000,0,0,0.000000000000000,0,0,0,0,0,0,0.000000000000000,0,0.000000000000000,0,0,0,0,0,0,0.000000000000000,0.000000000000000,0.000000000000000
203,203,203,1508,Fire Station 15,City of Peoria,http://www.peoriagov.org/fire-department/, , , ,1,10/4/2016 0:00:00,COP\jbiller,CKOHLER,3/20/2017 0:00:00,CKOHLER,3/20/2017 0:00:00,9434.236203210000900,5389036.957569999600000,39,2402965,150.000000000000000,17,560,2224,426860,0,120,1590.667760200000000,0,-3495.117538699999800,0,570,0,0,0,0,0.000000000000000,0.000000000000000,0.000000000000000
204,204,204,1509,Fire Station 15,City of Peoria,http://www.peoriagov.org/fire-department/, , , ,1,10/4/2016 0:00:00,COP\jbiller,CKOHLER,3/20/2017 0:00:00,CKOHLER,3/20/2017 0:00:00,11553.489067500001000,6373476.215049999800000,17,1047446,20.000000000000000,4,260,340,71500,0,186,693.482706000000010,0,-1523.548080000000000,0,220,0,0,0,0,0.000000000000000,0.000000000000000,0.000000000000000
205,205,205,1513,Fire Station 15,City of Peoria,http://www.peoriagov.org/fire-department/, , , ,1,10/4/2016 0:00:00,COP\jbiller,CKOHLER,3/20/2017 0:00:00,CKOHLER,3/20/2017 0:00:00,7906.330783280000100,3237060.910650000000000,21,1293907,79.000000000000000,9,315,556,45495,0,229,856.428466200000000,1963,-1881.733864099999900,0,288,0,0,0,0,0.000000000000000,0.000000000000000,0.000000000000000
206,206,206,1515,Fire Station 15,City of Peoria,http://www.peoriagov.org/fire-department/, , , ,1,10/4/2016 0:00:00,COP\jbiller,CKOHLER,3/20/2017 0:00:00,CKOHLER,3/20/2017 0:00:00,11624.998052700001000,4870061.575199999800000,1,61615,0.000000000000000,0,0,0,0,0,150,40.797468500000001,0,-89.611283099999994,0,15,0,0,0,0,0.000000000000000,0.000000000000000,0.000000000000000
207,207,207,1516,Fire Station 15,City of Peoria,http://www.peoriagov.org/fire-department/, , , ,1,10/4/2016 0:00:00,COP\jbiller,CKOHLER,3/20/2017 0:00:00,CKOHLER,3/20/2017 0:00:00,9316.882619030000600,4964370.507550000200000,19,1170584,155.000000000000000,11,240,505,30280,0,57,775.101395300000040,0,-1702.537516300000100,0,240,1,2094,1,0,202000000000.000000000000000,40.793238799999997,-89.609645099999994
208,208,208,1517,Fire Station 15,City of Peoria,http://www.peoriagov.org/fire-department/, , , ,1,10/4/2016 0:00:00,COP\jbiller,GISDATA,1/5/2017 0:00:00,GISDATA,1/5/2017 0:00:00,8791.478171160000800,4284517.078069999800000,0,0,0.000000000000000,0,0,0,0,0,0,0.000000000000000,0,0.000000000000000,0,0,0,0,0,0,0.000000000000000,0.000000000000000,0.000000000000000
209,209,209,1201,Fire Station 12,City of Peoria,http://www.peoriagov.org/fire-department/, , , ,1,10/4/2016 0:00:00,COP\jbiller,GISDATA,1/5/2017 0:00:00,CKOHLER,3/20/2017 0:00:00,12689.498154499999000,6067193.271830000000000,0,0,0.000000000000000,0,0,0,0,0,0,0.000000000000000,0,0.000000000000000,0,0,0,0,0,0,0.000000000000000,0.000000000000000,0.000000000000000
210,210,210,1221,Fire Station 12,City of Peoria,http://www.peoriagov.org/fire-department/, , , ,1,10/4/2016 0:00:00,COP\jbiller,GISDATA,1/5/2017 0:00:00,CKOHLER,3/20/2017 0:00:00,19224.425089000000000,8264082.430429999700000,0,0,0.000000000000000,0,0,0,0,0,0,0.000000000000000,0,0.000000000000000,0,0,0,0,0,0,0.000000000000000,0.000000000000000,0.000000000000000
211,211,211,1606,Fire Station 16,City of Peoria,http://www.peoriagov.org/fire-department/, , , ,1,1/5/2017 0:00:00,COP\jbiller,GISDATA,1/5/2017 0:00:00,GISDATA,1/5/2017 0:00:00,12261.947151599999000,7906551.063079999800000,13,800982,169.000000000000000,15,300,455,22175,1,1,530.078102899999980,0,-1165.052842200000000,0,159,1,2094,1,0,202000000000.000000000000000,40.777855700000003,-89.620599200000001
212,212,212,1618,Fire Station 16,City of Peoria,http://www.peoriagov.org/fire-department/, , , ,1,1/5/2017 0:00:00,COP\jbiller,GISDATA,1/5/2017 0:00:00,GISDATA,1/5/2017 0:00:00,8109.758007950000300,3312700.129290000100000,1,61615,0.000000000000000,0,0,0,87000,0,400,40.769988400000003,0,-89.632999799999993,0,16,1,2094,1,0,202000000000.000000000000000,40.768453999999998,-89.633253999999994
213,213,213,1622,Fire Station 16,City of Peoria,http://www.peoriagov.org/fire-department/, , , ,1,1/5/2017 0:00:00,COP\jbiller,GISDATA,1/5/2017 0:00:00,GISDATA,1/5/2017 0:00:00,8295.883215359999700,3986697.304049999900000,20,1232281,455.000000000000000,26,684,1058,109200,72,0,815.499181000000020,0,-1792.571125700000000,0,240,3,6282,3,0,606000000000.000000000000000,122.316965000000000,-268.889273000000000
214,214,214,1623,Fire Station 16,City of Peoria,http://www.peoriagov.org/fire-department/, , , ,1,1/5/2017 0:00:00,COP\jbiller,GISDATA,1/5/2017 0:00:00,GISDATA,1/5/2017 0:00:00,13605.133985400000000,4314964.947390000300000,1,61615,0.000000000000000,0,0,0,0,0,0,40.770515600000003,0,-89.623010199999996,0,16,0,0,0,0,0.000000000000000,0.000000000000000,0.000000000000000
215,215,215,1624,Fire Station 16,City of Peoria,http://www.peoriagov.org/fire-department/, , , ,1,1/5/2017 0:00:00,COP\jbiller,GISDATA,1/5/2017 0:00:00,GISDATA,1/5/2017 0:00:00,11781.522730200000000,6993542.219420000000000,1,61614,0.000000000000000,2,0,0,58250,0,413,40.762220399999997,1963,-89.621348600000005,0,16,2,4188,2,0,404000000000.000000000000000,81.526196499999998,-179.249578799999990
216,216,216,1629,Fire Station 16,City of Peoria,http://www.peoriagov.org/fire-department/, , , ,1,1/5/2017 0:00:00,COP\jbiller,GISDATA,1/5/2017 0:00:00,GISDATA,1/5/2017 0:00:00,9994.435537819999800,6400347.698119999800000,23,1417122,350.000000000000000,24,1021,1644,536869,0,1385,937.596815200000040,1955,-2061.213179800000000,0,368,0,0,0,0,0.000000000000000,0.000000000000000,0.000000000000000
217,217,217,1633,Fire Station 16,City of Peoria,http://www.peoriagov.org/fire-department/, , , ,1,1/5/2017 0:00:00,COP\jbiller,GISDATA,1/5/2017 0:00:00,GISDATA,1/5/2017 0:00:00,11775.334180700000000,6144670.285439999800000,0,0,0.000000000000000,0,0,0,0,0,0,0.000000000000000,0,0.000000000000000,0,0,0,0,0,0,0.000000000000000,0.000000000000000,0.000000000000000
218,218,218,1634,Fire Station 16,City of Peoria,http://www.peoriagov.org/fire-department/, , , ,1,1/5/2017 0:00:00,COP\jbiller,GISDATA,1/5/2017 0:00:00,GISDATA,1/5/2017 0:00:00,8214.166312720000900,3672471.019390000000000,8,492915,36.000000000000000,1,110,370,29700,0,0,326.152637400000000,0,-716.822751400000020,0,127,0,0,0,0,0.000000000000000,0.000000000000000,0.000000000000000
219,219,219,1918,Fire Station 19,City of Peoria,http://www.peoriagov.org/fire-department/, , , ,1,1/5/2017 0:00:00,COP\jbiller,GISDATA,1/5/2017 0:00:00,GISDATA,1/5/2017 0:00:00,14177.617694500001000,7503192.256889999800000,17,1047455,272.500000000000000,10,610,705,230233,5,3787,693.131728200000000,1986,-1524.134070099999900,0,323,0,0,0,0,0.000000000000000,0.000000000000000,0.000000000000000
220,220,220,2002,Fire Station 20,City of Peoria,http://www.peoriagov.org/fire-department/, , , ,1,10/4/2016 0:00:00,COP\jbiller,GISDATA,1/5/2017 0:00:00,GISDATA,1/5/2017 0:00:00,7509.848375720000100,2554307.441920000100000,0,0,0.000000000000000,0,0,0,0,0,0,0.000000000000000,0,0.000000000000000,0,0,0,0,0,0,0.000000000000000,0.000000000000000,0.000000000000000
221,221,221,2007,Fire Station 20,City of Peoria,http://www.peoriagov.org/fire-department/, , , ,1,10/4/2016 0:00:00,COP\jbiller,GISDATA,1/5/2017 0:00:00,GISDATA,1/5/2017 0:00:00,10612.132546700001000,6101166.419850000200000,0,0,0.000000000000000,0,0,0,0,0,0,0.000000000000000,0,0.000000000000000,0,0,0,0,0,0,0.000000000000000,0.000000000000000,0.000000000000000
222,222,222,2009,Fire Station 20,City of Peoria,http://www.peoriagov.org/fire-department/, , , ,1,10/4/2016 0:00:00,COP\jbiller,GISDATA,1/5/2017 0:00:00,GISDATA,1/5/2017 0:00:00,10736.535189300001000,6353403.380950000100000,0,0,0.000000000000000,0,0,0,0,0,0,0.000000000000000,0,0.000000000000000,0,0,2,4188,2,0,404000000000.000000000000000,81.635681000000005,-179.311939999999990
223,223,223,2011,Fire Station 20,City of Peoria,http://www.peoriagov.org/fire-department/, , , ,1,10/4/2016 0:00:00,COP\jbiller,GISDATA,1/5/2017 0:00:00,GISDATA,1/5/2017 0:00:00,12126.878685000000000,6297791.710289999800000,0,0,0.000000000000000,0,0,0,0,0,0,0.000000000000000,0,0.000000000000000,0,0,0,0,0,0,0.000000000000000,0.000000000000000,0.000000000000000
224,224,224,2017,Fire Station 20,City of Peoria,http://www.peoriagov.org/fire-department/, , , ,1,10/4/2016 0:00:00,COP\jbiller,GISDATA,1/5/2017 0:00:00,GISDATA,1/5/2017 0:00:00,11819.325706199999000,7357698.195020000500000,0,0,0.000000000000000,0,0,0,0,0,0,0.000000000000000,0,0.000000000000000,0,0,0,0,0,0,0.000000000000000,0.000000000000000,0.000000000000000
225,225,225,2012,Fire Station 20,City of Peoria,http://www.peoriagov.org/fire-department/, , , ,1,10/4/2016 0:00:00,COP\jbiller,GISDATA,1/5/2017 0:00:00,GISDATA,1/5/2017 0:00:00,13230.705355300001000,10694555.015600000000000,0,0,0.000000000000000,0,0,0,0,0,0,0.000000000000000,0,0.000000000000000,0,0,0,0,0,0,0.000000000000000,0.000000000000000,0.000000000000000
226,226,226,2013,Fire Station 20,City of Peoria,http://www.peoriagov.org/fire-department/, , , ,1,10/4/2016 0:00:00,COP\jbiller,GISDATA,1/5/2017 0:00:00,GISDATA,1/5/2017 0:00:00,12282.334772000000000,7507254.190870000000000,0,0,0.000000000000000,0,0,0,0,0,0,0.000000000000000,0,0.000000000000000,0,0,1,2094,1,0,202000000000.000000000000000,40.820155000000000,-89.609317000000004
227,227,227,2018,Fire Station 20,City of Peoria,http://www.peoriagov.org/fire-department/, , , ,1,10/4/2016 0:00:00,COP\jbiller,GISDATA,1/5/2017 0:00:00,GISDATA,1/5/2017 0:00:00,9612.993149849999100,5788754.259890000300000,0,0,0.000000000000000,0,0,0,0,0,0,0.000000000000000,0,0.000000000000000,0,0,0,0,0,0,0.000000000000000,0.000000000000000,0.000000000000000
228,228,228,2022,Fire Station 20,City of Peoria,http://www.peoriagov.org/fire-department/, , , ,1,10/4/2016 0:00:00,COP\jbiller,GISDATA,1/5/2017 0:00:00,GISDATA,1/5/2017 0:00:00,11260.038164500000000,6404202.986759999800000,0,0,0.000000000000000,0,0,0,0,0,0,0.000000000000000,0,0.000000000000000,0,0,0,0,0,0,0.000000000000000,0.000000000000000,0.000000000000000
229,229,229,2026,Fire Station 20,City of Peoria,http://www.peoriagov.org/fire-department/, , , ,1,10/4/2016 0:00:00,COP\jbiller,GISDATA,1/5/2017 0:00:00,GISDATA,1/5/2017 0:00:00,14292.888299000000000,7472270.005640000100000,0,0,0.000000000000000,0,0,0,0,0,0,0.000000000000000,0,0.000000000000000,0,0,0,0,0,0,0.000000000000000,0.000000000000000,0.000000000000000
230,230,230,1902,Fire Station 19,City of Peoria,http://www.peoriagov.org/fire-department/, , , ,1,1/5/2017 0:00:00,COP\jbiller,GISDATA,1/5/2017 0:00:00,GISDATA,1/5/2017 0:00:00,15761.625245699999000,11596189.970200000000000,48,2957509,490.000000000000000,45,1975,1463,415868,150,1505,1957.503331299999900,18078,-4304.353666799999700,0,817,0,0,0,0,0.000000000000000,0.000000000000000,0.000000000000000
231,231,231,112,Fire Central,City of Peoria,http://www.peoriagov.org/fire-department/, , , ,1,10/4/2016 0:00:00,COP\jbiller,GISDATA,1/5/2017 0:00:00,GISDATA,1/5/2017 0:00:00,16252.927741800000000,8575910.690150000200000,29,1786491,25.000000000000000,16,156,142,79996,1,65,1180.319343500000100,3928,-2597.716612100000000,0,120,3,6282,3,0,606000000000.000000000000000,122.105360000000000,-268.739557999999990
232,232,232,1210,Fire Station 12,City of Peoria,http://www.peoriagov.org/fire-department/, , , ,1,10/4/2016 0:00:00,COP\jbiller,GISDATA,1/5/2017 0:00:00,GISDATA,1/5/2017 0:00:00,7605.075886489999900,3531052.246270000000000,3,184809,0.000000000000000,0,0,0,0,0,0,122.119791000000010,0,-268.694943299999980,0,36,0,0,0,0,0.000000000000000,0.000000000000000,0.000000000000000
233,233,233,1307,Fire Station 13,City of Peoria,http://www.peoriagov.org/fire-department/, , , ,1,10/4/2016 0:00:00,COP\jbiller,GISDATA,1/5/2017 0:00:00,GISDATA,1/5/2017 0:00:00,6113.262398560000300,1886878.564040000100000,0,0,0.000000000000000,0,0,0,0,0,0,0.000000000000000,0,0.000000000000000,0,0,0,0,0,0,0.000000000000000,0.000000000000000,0.000000000000000
234,234,234,1916,Fire Station 19,City of Peoria,http://www.peoriagov.org/fire-department/, , , ,1,10/4/2016 0:00:00,COP\jbiller,GISDATA,1/5/2017 0:00:00,GISDATA,1/5/2017 0:00:00,17552.260401700001000,13691933.074999999000000,7,431304,20.000000000000000,3,90,90,73100,0,640,285.453773599999980,0,-627.558663199999960,0,95,0,0,0,0,0.000000000000000,0.000000000000000,0.000000000000000
235,235,235,2025,Fire Station 20,City of Peoria,http://www.peoriagov.org/fire-department/, , , ,1,10/4/2016 0:00:00,COP\jbiller,GISDATA,1/5/2017 0:00:00,GISDATA,1/5/2017 0:00:00,31609.170481800000000,16534524.431900000000000,9,554535,35.000000000000000,2,200,200,48164,1,20,367.192373100000000,0,-806.673253100000010,0,180,0,0,0,0,0.000000000000000,0.000000000000000,0.000000000000000